赛区,场次号,红方学校,蓝方学校,局数,红胜局,蓝胜局,场总伤害,平均时长,胜方学校,红方类别,蓝方类别,序号,热力图,代表局号,代表局game_id,代表局总伤害,轨迹图
北部赛区,90,东北大学,哈尔滨工业大学,4,3,1,53245.0,404.75,东北大学,全国赛,全国赛,1,h2h_001_heatmap_东北大学_vs_哈尔滨工业大学.png,4,1780391866389,15574.0,h2h_001_paths_round4_东北大学_vs_哈尔滨工业大学.png
南部赛区,87,广州城市理工学院,东莞理工学院,4,3,1,41777.0,420.0,广州城市理工学院,全国赛,全国赛,2,h2h_002_heatmap_广州城市理工学院_vs_东莞理工学院.png,1,1778998192727,12318.0,h2h_002_paths_round1_广州城市理工学院_vs_东莞理工学院.png
南部赛区,88,五邑大学,华南农业大学,3,0,3,39762.0,420.0,华南农业大学,全国赛,全国赛,3,h2h_003_heatmap_五邑大学_vs_华南农业大学.png,2,1779002815710,14165.0,h2h_003_paths_round2_五邑大学_vs_华南农业大学.png
东部赛区,87,合肥工业大学（宣城校区）,浙江大学,4,3,1,37471.0,420.0,合肥工业大学（宣城校区）,全国赛,全国赛,4,h2h_004_heatmap_合肥工业大学_宣城校区_vs_浙江大学.png,1,1779689998185,10607.0,h2h_004_paths_round1_合肥工业大学_宣城校区_vs_浙江大学.png
东部赛区,88,山东科技大学,中国石油大学（华东）,4,1,3,36619.0,420.0,中国石油大学（华东）,全国赛,全国赛,5,h2h_005_heatmap_山东科技大学_vs_中国石油大学_华东.png,1,1779693823256,10446.0,h2h_005_paths_round1_山东科技大学_vs_中国石油大学_华东.png
北部赛区,89,哈尔滨工业大学（威海）,西北工业大学,3,3,0,36128.0,420.0,哈尔滨工业大学（威海）,全国赛,全国赛,6,h2h_006_heatmap_哈尔滨工业大学_威海_vs_西北工业大学.png,3,1780386397433,13142.0,h2h_006_paths_round3_哈尔滨工业大学_威海_vs_西北工业大学.png
北部赛区,78,复旦大学,哈尔滨工业大学,3,1,2,33672.0,420.0,哈尔滨工业大学,全国赛,全国赛,7,h2h_007_heatmap_复旦大学_vs_哈尔滨工业大学.png,2,1780323038454,12857.0,h2h_007_paths_round2_复旦大学_vs_哈尔滨工业大学.png
南部赛区,27,广东工业大学,广州城市理工学院,3,1,2,32340.0,420.0,广州城市理工学院,复活赛,全国赛,8,h2h_008_heatmap_广东工业大学_vs_广州城市理工学院.png,3,1778736603265,11744.0,h2h_008_paths_round3_广东工业大学_vs_广州城市理工学院.png
南部赛区,76,东莞理工学院,华南理工大学,3,2,1,31024.0,420.0,东莞理工学院,全国赛,全国赛,9,h2h_009_heatmap_东莞理工学院_vs_华南理工大学.png,2,1778937468211,12653.0,h2h_009_paths_round2_东莞理工学院_vs_华南理工大学.png
南部赛区,74,南华大学,仲恺农业工程学院,3,1,2,30697.0,420.0,仲恺农业工程学院,复活赛,全国赛,10,h2h_010_heatmap_南华大学_vs_仲恺农业工程学院.png,1,1778929767993,12805.0,h2h_010_paths_round1_南华大学_vs_仲恺农业工程学院.png
北部赛区,84,西北工业大学,哈尔滨工业大学,3,1,2,29790.0,420.0,哈尔滨工业大学,全国赛,全国赛,11,h2h_011_heatmap_西北工业大学_vs_哈尔滨工业大学.png,1,1780371297834,10453.0,h2h_011_paths_round1_西北工业大学_vs_哈尔滨工业大学.png
北部赛区,75,同济大学,东北大学,2,0,2,29343.0,420.0,东北大学,全国赛,全国赛,12,h2h_012_heatmap_同济大学_vs_东北大学.png,2,1780315632017,14870.0,h2h_012_paths_round2_同济大学_vs_东北大学.png
北部赛区,83,东北大学,哈尔滨工业大学（威海）,2,2,0,28620.0,420.0,东北大学,全国赛,全国赛,13,h2h_013_heatmap_东北大学_vs_哈尔滨工业大学_威海.png,2,1780370356133,14914.0,h2h_013_paths_round2_东北大学_vs_哈尔滨工业大学_威海.png
东部赛区,70,华东理工大学,江南大学霞客湾校区,3,2,1,28003.0,420.0,华东理工大学,全国赛,复活赛,14,h2h_014_heatmap_华东理工大学_vs_江南大学霞客湾校区.png,1,1779608504282,11578.0,h2h_014_paths_round1_华东理工大学_vs_江南大学霞客湾校区.png
南部赛区,55,广州城市理工学院,东莞理工学院,3,2,1,27903.0,420.0,广州城市理工学院,全国赛,全国赛,15,h2h_015_heatmap_广州城市理工学院_vs_东莞理工学院.png,2,1778839915616,10153.0,h2h_015_paths_round2_广州城市理工学院_vs_东莞理工学院.png
北部赛区,77,哈尔滨工业大学（威海）,西安交通大学,3,2,1,27629.0,420.0,哈尔滨工业大学（威海）,全国赛,全国赛,16,h2h_016_heatmap_哈尔滨工业大学_威海_vs_西安交通大学.png,2,1780319988345,10028.0,h2h_016_paths_round2_哈尔滨工业大学_威海_vs_西安交通大学.png
南部赛区,73,深圳技术大学,华南农业大学,3,1,2,26679.0,420.0,华南农业大学,复活赛,全国赛,17,h2h_017_heatmap_深圳技术大学_vs_华南农业大学.png,3,1778928844469,9680.0,h2h_017_paths_round3_深圳技术大学_vs_华南农业大学.png
北部赛区,76,西北工业大学,北京理工大学,3,2,1,26501.0,420.0,西北工业大学,全国赛,全国赛,18,h2h_018_heatmap_西北工业大学_vs_北京理工大学.png,1,1780316478995,9947.0,h2h_018_paths_round1_西北工业大学_vs_北京理工大学.png
东部赛区,55,江南大学霞客湾校区,合肥工业大学（宣城校区）,3,1,2,26478.0,420.0,合肥工业大学（宣城校区）,复活赛,全国赛,19,h2h_019_heatmap_江南大学霞客湾校区_vs_合肥工业大学_宣城校区.png,1,1779528983756,10603.0,h2h_019_paths_round1_江南大学霞客湾校区_vs_合肥工业大学_宣城校区.png
东部赛区,73,哈尔滨工业大学（深圳）,中国科学技术大学,3,2,1,26370.0,420.0,哈尔滨工业大学（深圳）,全国赛,复活赛,20,h2h_020_heatmap_哈尔滨工业大学_深圳_vs_中国科学技术大学.png,2,1779615925143,10136.0,h2h_020_paths_round2_哈尔滨工业大学_深圳_vs_中国科学技术大学.png
南部赛区,72,上海交通大学,广东工业大学,3,2,1,26366.0,420.0,上海交通大学,全国赛,复活赛,21,h2h_021_heatmap_上海交通大学_vs_广东工业大学.png,2,1778925424226,9184.0,h2h_021_paths_round2_上海交通大学_vs_广东工业大学.png
南部赛区,67,五邑大学,武汉工程大学,2,2,0,26187.0,420.0,五邑大学,全国赛,全国赛,22,h2h_022_heatmap_五邑大学_vs_武汉工程大学.png,2,1778912693151,13564.0,h2h_022_paths_round2_五邑大学_vs_武汉工程大学.png
南部赛区,19,厦门大学嘉庚学院,桂林电子科技大学,3,2,1,26095.0,420.0,厦门大学嘉庚学院,复活赛,复活赛,23,h2h_023_heatmap_厦门大学嘉庚学院_vs_桂林电子科技大学.png,1,1778677945404,10882.0,h2h_023_paths_round1_厦门大学嘉庚学院_vs_桂林电子科技大学.png
北部赛区,68,东北大学,山东理工大学,2,2,0,26031.0,420.0,东北大学,全国赛,复活赛,24,h2h_024_heatmap_东北大学_vs_山东理工大学.png,2,1780296578248,14368.0,h2h_024_paths_round2_东北大学_vs_山东理工大学.png
南部赛区,84,东莞理工学院,华南农业大学,2,0,2,26031.0,385.5,华南农业大学,全国赛,全国赛,25,h2h_025_heatmap_东莞理工学院_vs_华南农业大学.png,2,1778990147563,13912.0,h2h_025_paths_round2_东莞理工学院_vs_华南农业大学.png
南部赛区,28,深圳大学,南华大学,3,2,1,25726.0,420.0,深圳大学,全国赛,复活赛,26,h2h_026_heatmap_深圳大学_vs_南华大学.png,1,1778737453393,10763.0,h2h_026_paths_round1_深圳大学_vs_南华大学.png
北部赛区,74,复旦大学,西安电子科技大学,3,2,1,25659.0,420.0,复旦大学,全国赛,复活赛,27,h2h_027_heatmap_复旦大学_vs_西安电子科技大学.png,3,1780309411927,9767.0,h2h_027_paths_round3_复旦大学_vs_西安电子科技大学.png
东部赛区,51,太原科技大学,南京航空航天大学金城学院,3,1,2,25608.0,420.0,南京航空航天大学金城学院,复活赛,复活赛,28,h2h_028_heatmap_太原科技大学_vs_南京航空航天大学金城学院.png,1,1779520539290,10058.0,h2h_028_paths_round1_太原科技大学_vs_南京航空航天大学金城学院.png
北部赛区,50,长安大学,山东理工大学,3,1,2,25443.0,420.0,山东理工大学,全国赛,复活赛,29,h2h_029_heatmap_长安大学_vs_山东理工大学.png,1,1780210685636,9268.0,h2h_029_paths_round1_长安大学_vs_山东理工大学.png
东部赛区,26,山东科技大学,哈尔滨工业大学（深圳）,3,2,1,25420.0,420.0,山东科技大学,全国赛,全国赛,30,h2h_030_heatmap_山东科技大学_vs_哈尔滨工业大学_深圳.png,3,1779461100692,10438.0,h2h_030_paths_round3_山东科技大学_vs_哈尔滨工业大学_深圳.png
南部赛区,41,深圳大学,东莞理工学院,2,2,0,25277.0,420.0,深圳大学,全国赛,全国赛,31,h2h_031_heatmap_深圳大学_vs_东莞理工学院.png,1,1778805231802,12967.0,h2h_031_paths_round1_深圳大学_vs_东莞理工学院.png
南部赛区,86,深圳大学,南华大学,2,2,0,25195.0,420.0,深圳大学,全国赛,复活赛,32,h2h_032_heatmap_深圳大学_vs_南华大学.png,1,1778995779610,13542.0,h2h_032_paths_round1_深圳大学_vs_南华大学.png
北部赛区,49,西北工业大学,哈尔滨工业大学（威海）,3,2,1,25137.0,420.0,西北工业大学,全国赛,全国赛,33,h2h_033_heatmap_西北工业大学_vs_哈尔滨工业大学_威海.png,2,1780209002875,11617.0,h2h_033_paths_round2_西北工业大学_vs_哈尔滨工业大学_威海.png
东部赛区,76,华东理工大学,浙江大学,2,0,2,25137.0,420.0,浙江大学,全国赛,全国赛,34,h2h_034_heatmap_华东理工大学_vs_浙江大学.png,2,1779625969935,12737.0,h2h_034_paths_round2_华东理工大学_vs_浙江大学.png
南部赛区,80,厦门大学嘉庚学院,深圳大学,2,0,2,25065.0,420.0,深圳大学,复活赛,全国赛,35,h2h_035_heatmap_厦门大学嘉庚学院_vs_深圳大学.png,1,1778980152852,13643.0,h2h_035_paths_round1_厦门大学嘉庚学院_vs_深圳大学.png
南部赛区,42,广州城市理工学院,五邑大学,2,0,2,24988.0,420.0,五邑大学,全国赛,全国赛,36,h2h_036_heatmap_广州城市理工学院_vs_五邑大学.png,2,1778809035146,13376.0,h2h_036_paths_round2_广州城市理工学院_vs_五邑大学.png
东部赛区,57,哈尔滨工业大学（深圳）,南方科技大学,3,2,1,24623.0,420.0,哈尔滨工业大学（深圳）,全国赛,复活赛,37,h2h_037_heatmap_哈尔滨工业大学_深圳_vs_南方科技大学.png,1,1779538151452,9919.0,h2h_037_paths_round1_哈尔滨工业大学_深圳_vs_南方科技大学.png
东部赛区,84,浙江大学,中国石油大学（华东）,2,0,2,24549.0,420.0,中国石油大学（华东）,全国赛,全国赛,38,h2h_038_heatmap_浙江大学_vs_中国石油大学_华东.png,2,1779680995990,13325.0,h2h_038_paths_round2_浙江大学_vs_中国石油大学_华东.png
北部赛区,18,西安交通大学,哈尔滨工业大学（威海）,2,2,0,24537.0,420.0,西安交通大学,全国赛,全国赛,39,h2h_039_heatmap_西安交通大学_vs_哈尔滨工业大学_威海.png,1,1780057880180,12302.0,h2h_039_paths_round1_西安交通大学_vs_哈尔滨工业大学_威海.png
南部赛区,3,仲恺农业工程学院,华南理工大学,3,2,1,24463.0,420.0,仲恺农业工程学院,全国赛,全国赛,40,h2h_040_heatmap_仲恺农业工程学院_vs_华南理工大学.png,3,1778639477645,9154.0,h2h_040_paths_round3_仲恺农业工程学院_vs_华南理工大学.png
东部赛区,77,合肥工业大学（宣城校区）,南京理工大学,3,2,1,24261.0,420.0,合肥工业大学（宣城校区）,全国赛,全国赛,41,h2h_041_heatmap_合肥工业大学_宣城校区_vs_南京理工大学.png,1,1779626887586,9999.0,h2h_041_paths_round1_合肥工业大学_宣城校区_vs_南京理工大学.png
东部赛区,75,山东科技大学,北京理工大学（珠海）,2,2,0,24024.0,418.5,山东科技大学,全国赛,全国赛,42,h2h_042_heatmap_山东科技大学_vs_北京理工大学_珠海.png,2,1779624263540,13404.0,h2h_042_paths_round2_山东科技大学_vs_北京理工大学_珠海.png
北部赛区,72,西安交通大学,大连理工大学,2,2,0,24016.0,420.0,西安交通大学,全国赛,全国赛,43,h2h_043_heatmap_西安交通大学_vs_大连理工大学.png,1,1780303783461,12446.0,h2h_043_paths_round1_西安交通大学_vs_大连理工大学.png
北部赛区,57,东北大学,复旦大学,2,2,0,23819.0,420.0,东北大学,全国赛,全国赛,44,h2h_044_heatmap_东北大学_vs_复旦大学.png,1,1780228415942,13261.0,h2h_044_paths_round1_东北大学_vs_复旦大学.png
东部赛区,78,中国石油大学（华东）,哈尔滨工业大学（深圳）,2,2,0,23448.0,420.0,中国石油大学（华东）,全国赛,全国赛,45,h2h_045_heatmap_中国石油大学_华东_vs_哈尔滨工业大学_深圳.png,1,1779629878921,12035.0,h2h_045_paths_round1_中国石油大学_华东_vs_哈尔滨工业大学_深圳.png
南部赛区,36,华南理工大学,桂林电子科技大学,3,1,2,23361.0,420.0,桂林电子科技大学,全国赛,复活赛,46,h2h_046_heatmap_华南理工大学_vs_桂林电子科技大学.png,2,1778754153680,8757.0,h2h_046_paths_round2_华南理工大学_vs_桂林电子科技大学.png
北部赛区,42,东北大学,同济大学,2,0,2,23217.0,420.0,同济大学,全国赛,全国赛,47,h2h_047_heatmap_东北大学_vs_同济大学.png,2,1780190225624,12165.0,h2h_047_paths_round2_东北大学_vs_同济大学.png
南部赛区,51,华南农业大学,武汉工程大学,3,2,1,23137.0,420.0,华南农业大学,全国赛,全国赛,48,h2h_048_heatmap_华南农业大学_vs_武汉工程大学.png,3,1778832340006,9212.0,h2h_048_paths_round3_华南农业大学_vs_武汉工程大学.png
南部赛区,82,南华大学,深圳技术大学,3,2,1,23020.0,420.0,南华大学,复活赛,复活赛,49,h2h_049_heatmap_南华大学_vs_深圳技术大学.png,1,1778984250676,10066.0,h2h_049_paths_round1_南华大学_vs_深圳技术大学.png
东部赛区,18,华东理工大学,中国石油大学（华东）,2,0,2,22729.0,420.0,中国石油大学（华东）,全国赛,全国赛,50,h2h_050_heatmap_华东理工大学_vs_中国石油大学_华东.png,2,1779366872029,11454.0,h2h_050_paths_round2_华东理工大学_vs_中国石油大学_华东.png
东部赛区,80,江南大学霞客湾校区,中国矿业大学,3,1,2,22620.0,420.0,中国矿业大学,复活赛,复活赛,51,h2h_051_heatmap_江南大学霞客湾校区_vs_中国矿业大学.png,1,1779671772257,8556.0,h2h_051_paths_round1_江南大学霞客湾校区_vs_中国矿业大学.png
南部赛区,78,仲恺农业工程学院,华南农业大学,2,0,2,22100.0,420.0,华南农业大学,全国赛,全国赛,52,h2h_052_heatmap_仲恺农业工程学院_vs_华南农业大学.png,2,1778941859406,11627.0,h2h_052_paths_round2_仲恺农业工程学院_vs_华南农业大学.png
北部赛区,71,哈尔滨工业大学（威海）,应急管理大学,2,2,0,21920.0,420.0,哈尔滨工业大学（威海）,全国赛,复活赛,53,h2h_053_heatmap_哈尔滨工业大学_威海_vs_应急管理大学.png,1,1780302078256,13050.0,h2h_053_paths_round1_哈尔滨工业大学_威海_vs_应急管理大学.png
北部赛区,41,北京理工大学,应急管理大学,2,2,0,21899.0,420.0,北京理工大学,全国赛,复活赛,54,h2h_054_heatmap_北京理工大学_vs_应急管理大学.png,1,1780187733101,11332.0,h2h_054_paths_round1_北京理工大学_vs_应急管理大学.png
南部赛区,85,武汉工程大学,广东工业大学,2,2,0,21877.0,420.0,武汉工程大学,全国赛,复活赛,55,h2h_055_heatmap_武汉工程大学_vs_广东工业大学.png,2,1778994852887,11147.0,h2h_055_paths_round2_武汉工程大学_vs_广东工业大学.png
南部赛区,11,五邑大学,深圳技术大学,2,2,0,21579.0,354.5,五邑大学,全国赛,复活赛,56,h2h_056_heatmap_五邑大学_vs_深圳技术大学.png,1,1778656835227,10883.0,h2h_056_paths_round1_五邑大学_vs_深圳技术大学.png
北部赛区,26,沈阳理工大学,同济大学,2,0,2,21453.0,420.0,同济大学,复活赛,全国赛,57,h2h_057_heatmap_沈阳理工大学_vs_同济大学.png,2,1780112285247,10947.0,h2h_057_paths_round2_沈阳理工大学_vs_同济大学.png
东部赛区,79,太原科技大学,南京航空航天大学金城学院,3,1,2,21388.0,420.0,南京航空航天大学金城学院,复活赛,复活赛,58,h2h_058_heatmap_太原科技大学_vs_南京航空航天大学金城学院.png,1,1779669143306,9070.0,h2h_058_paths_round1_太原科技大学_vs_南京航空航天大学金城学院.png
南部赛区,68,华中科技大学,电子科技大学中山学院,3,1,2,20912.0,420.0,电子科技大学中山学院,复活赛,全国赛,59,h2h_059_heatmap_华中科技大学_vs_电子科技大学中山学院.png,3,1778915208150,7527.0,h2h_059_paths_round3_华中科技大学_vs_电子科技大学中山学院.png
南部赛区,83,五邑大学,广州城市理工学院,2,2,0,20845.0,420.0,五邑大学,全国赛,全国赛,60,h2h_060_heatmap_五邑大学_vs_广州城市理工学院.png,2,1778988282190,11416.0,h2h_060_paths_round2_五邑大学_vs_广州城市理工学院.png
南部赛区,69,华南理工大学,深圳大学,2,2,0,20713.0,420.0,华南理工大学,全国赛,全国赛,61,h2h_061_heatmap_华南理工大学_vs_深圳大学.png,1,1778921917593,11763.0,h2h_061_paths_round1_华南理工大学_vs_深圳大学.png
北部赛区,70,西北工业大学,沈阳理工大学,2,2,0,20520.0,420.0,西北工业大学,全国赛,复活赛,62,h2h_062_heatmap_西北工业大学_vs_沈阳理工大学.png,2,1780300527216,10922.0,h2h_062_paths_round2_西北工业大学_vs_沈阳理工大学.png
南部赛区,70,厦门大学嘉庚学院,东莞理工学院,2,0,2,20428.0,420.0,东莞理工学院,复活赛,全国赛,63,h2h_063_heatmap_厦门大学嘉庚学院_vs_东莞理工学院.png,2,1778919717387,11812.0,h2h_063_paths_round2_厦门大学嘉庚学院_vs_东莞理工学院.png
南部赛区,79,武汉工程大学,华中科技大学,2,2,0,19980.0,420.0,武汉工程大学,全国赛,复活赛,64,h2h_064_heatmap_武汉工程大学_vs_华中科技大学.png,1,1778977985352,11898.0,h2h_064_paths_round1_武汉工程大学_vs_华中科技大学.png
东部赛区,83,山东科技大学,合肥工业大学（宣城校区）,2,2,0,19847.0,420.0,山东科技大学,全国赛,全国赛,65,h2h_065_heatmap_山东科技大学_vs_合肥工业大学_宣城校区.png,1,1779678396942,10851.0,h2h_065_paths_round1_山东科技大学_vs_合肥工业大学_宣城校区.png
南部赛区,57,华中科技大学,广东工业大学,3,2,1,19778.0,420.0,华中科技大学,复活赛,复活赛,66,h2h_066_heatmap_华中科技大学_vs_广东工业大学.png,1,1778846129421,7549.0,h2h_066_paths_round1_华中科技大学_vs_广东工业大学.png
北部赛区,55,沈阳理工大学,应急管理大学,2,0,2,19646.0,420.0,应急管理大学,复活赛,复活赛,67,h2h_067_heatmap_沈阳理工大学_vs_应急管理大学.png,2,1780221232657,10366.0,h2h_067_paths_round2_沈阳理工大学_vs_应急管理大学.png
东部赛区,67,山东科技大学,太原科技大学,2,2,0,19630.0,420.0,山东科技大学,全国赛,复活赛,68,h2h_068_heatmap_山东科技大学_vs_太原科技大学.png,2,1779604013536,9859.0,h2h_068_paths_round2_山东科技大学_vs_太原科技大学.png
东部赛区,69,中国矿业大学,浙江大学,2,0,2,19305.0,420.0,浙江大学,复活赛,全国赛,69,h2h_069_heatmap_中国矿业大学_vs_浙江大学.png,1,1779606939798,9765.0,h2h_069_paths_round1_中国矿业大学_vs_浙江大学.png
南部赛区,33,仲恺农业工程学院,厦门大学嘉庚学院,2,2,0,19237.0,420.0,仲恺农业工程学院,全国赛,复活赛,70,h2h_070_heatmap_仲恺农业工程学院_vs_厦门大学嘉庚学院.png,2,1778748736302,10363.0,h2h_070_paths_round2_仲恺农业工程学院_vs_厦门大学嘉庚学院.png
北部赛区,4,山东理工大学,西北工业大学,3,1,2,18879.0,420.0,西北工业大学,复活赛,全国赛,71,h2h_071_heatmap_山东理工大学_vs_西北工业大学.png,1,1780022425775,6851.0,h2h_071_paths_round1_山东理工大学_vs_西北工业大学.png
北部赛区,81,应急管理大学,大连理工大学,2,0,2,18767.0,420.0,大连理工大学,复活赛,全国赛,72,h2h_072_heatmap_应急管理大学_vs_大连理工大学.png,1,1780366183800,9388.0,h2h_072_paths_round1_应急管理大学_vs_大连理工大学.png
南部赛区,34,上海交通大学,电子科技大学中山学院,2,2,0,18629.0,420.0,上海交通大学,全国赛,全国赛,73,h2h_073_heatmap_上海交通大学_vs_电子科技大学中山学院.png,2,1778750536413,11527.0,h2h_073_paths_round2_上海交通大学_vs_电子科技大学中山学院.png
南部赛区,77,广州城市理工学院,上海交通大学,2,2,0,17602.0,420.0,广州城市理工学院,全国赛,全国赛,74,h2h_074_heatmap_广州城市理工学院_vs_上海交通大学.png,1,1778939363902,9590.0,h2h_074_paths_round1_广州城市理工学院_vs_上海交通大学.png
南部赛区,71,桂林电子科技大学,广州城市理工学院,2,0,2,17537.0,420.0,广州城市理工学院,复活赛,全国赛,75,h2h_075_heatmap_桂林电子科技大学_vs_广州城市理工学院.png,2,1778923796498,9189.0,h2h_075_paths_round2_桂林电子科技大学_vs_广州城市理工学院.png
北部赛区,69,长安大学,北京理工大学,2,0,2,17492.0,420.0,北京理工大学,全国赛,全国赛,76,h2h_076_heatmap_长安大学_vs_北京理工大学.png,1,1780298013412,9084.0,h2h_076_paths_round1_长安大学_vs_北京理工大学.png
北部赛区,80,沈阳理工大学,长安大学,3,1,2,17344.0,420.0,长安大学,复活赛,全国赛,77,h2h_077_heatmap_沈阳理工大学_vs_长安大学.png,3,1780365053659,6070.0,h2h_077_paths_round3_沈阳理工大学_vs_长安大学.png
南部赛区,10,东莞理工学院,华中科技大学,2,2,0,17311.0,420.0,东莞理工学院,全国赛,复活赛,78,h2h_078_heatmap_东莞理工学院_vs_华中科技大学.png,1,1778654862728,9541.0,h2h_078_paths_round1_东莞理工学院_vs_华中科技大学.png
北部赛区,11,大连理工大学,沈阳理工大学,2,0,2,17261.0,420.0,沈阳理工大学,全国赛,复活赛,79,h2h_079_heatmap_大连理工大学_vs_沈阳理工大学.png,2,1780039913860,9736.0,h2h_079_paths_round2_大连理工大学_vs_沈阳理工大学.png
东部赛区,25,江南大学霞客湾校区,南方科技大学,2,2,0,17176.0,420.0,江南大学霞客湾校区,复活赛,复活赛,80,h2h_080_heatmap_江南大学霞客湾校区_vs_南方科技大学.png,2,1779419646097,9478.0,h2h_080_paths_round2_江南大学霞客湾校区_vs_南方科技大学.png
南部赛区,50,桂林电子科技大学,电子科技大学中山学院,2,0,2,16870.0,420.0,电子科技大学中山学院,复活赛,全国赛,81,h2h_081_heatmap_桂林电子科技大学_vs_电子科技大学中山学院.png,1,1778829037274,9204.0,h2h_081_paths_round1_桂林电子科技大学_vs_电子科技大学中山学院.png
南部赛区,81,桂林电子科技大学,广东工业大学,2,0,2,16806.0,420.0,广东工业大学,复活赛,复活赛,82,h2h_082_heatmap_桂林电子科技大学_vs_广东工业大学.png,1,1778981869637,9194.0,h2h_082_paths_round1_桂林电子科技大学_vs_广东工业大学.png
东部赛区,41,合肥工业大学（宣城校区）,山东科技大学,2,0,2,16779.0,420.0,山东科技大学,全国赛,全国赛,83,h2h_083_heatmap_合肥工业大学_宣城校区_vs_山东科技大学.png,1,1779496373411,8868.0,h2h_083_paths_round1_合肥工业大学_宣城校区_vs_山东科技大学.png
北部赛区,33,西北工业大学,西安电子科技大学,2,0,2,16607.0,420.0,西安电子科技大学,全国赛,复活赛,84,h2h_084_heatmap_西北工业大学_vs_西安电子科技大学.png,2,1780130263739,8845.0,h2h_084_paths_round2_西北工业大学_vs_西安电子科技大学.png
北部赛区,86,长安大学,西安电子科技大学,2,2,0,16601.0,420.0,长安大学,全国赛,复活赛,85,h2h_085_heatmap_长安大学_vs_西安电子科技大学.png,1,1780378110009,8578.0,h2h_085_paths_round1_长安大学_vs_西安电子科技大学.png
东部赛区,42,江南大学霞客湾校区,浙江大学,2,0,2,16502.0,420.0,浙江大学,复活赛,全国赛,86,h2h_086_heatmap_江南大学霞客湾校区_vs_浙江大学.png,2,1779498722309,9723.0,h2h_086_paths_round2_江南大学霞客湾校区_vs_浙江大学.png
东部赛区,38,南京航空航天大学金城学院,中国矿业大学,2,2,0,16466.0,420.0,南京航空航天大学金城学院,复活赛,复活赛,87,h2h_087_heatmap_南京航空航天大学金城学院_vs_中国矿业大学.png,1,1779452330931,9326.0,h2h_087_paths_round1_南京航空航天大学金城学院_vs_中国矿业大学.png
北部赛区,85,山东理工大学,大连理工大学,2,0,2,16018.0,420.0,大连理工大学,复活赛,全国赛,88,h2h_088_heatmap_山东理工大学_vs_大连理工大学.png,1,1780376612085,8179.0,h2h_088_paths_round1_山东理工大学_vs_大连理工大学.png
南部赛区,56,南华大学,深圳技术大学,2,0,2,15862.0,420.0,深圳技术大学,复活赛,复活赛,89,h2h_089_heatmap_南华大学_vs_深圳技术大学.png,2,1778842202821,8273.0,h2h_089_paths_round2_南华大学_vs_深圳技术大学.png
东部赛区,7,华东理工大学,中国矿业大学,2,2,0,15663.0,420.0,华东理工大学,全国赛,复活赛,90,h2h_090_heatmap_华东理工大学_vs_中国矿业大学.png,2,1779340406572,8296.0,h2h_090_paths_round2_华东理工大学_vs_中国矿业大学.png
南部赛区,75,五邑大学,电子科技大学中山学院,2,2,0,15589.0,420.0,五邑大学,全国赛,全国赛,91,h2h_091_heatmap_五邑大学_vs_电子科技大学中山学院.png,1,1778934392734,7923.0,h2h_091_paths_round1_五邑大学_vs_电子科技大学中山学院.png
东部赛区,72,南京理工大学,南方科技大学,2,2,0,15101.0,420.0,南京理工大学,全国赛,复活赛,92,h2h_092_heatmap_南京理工大学_vs_南方科技大学.png,1,1779613180708,9117.0,h2h_092_paths_round1_南京理工大学_vs_南方科技大学.png
北部赛区,17,西北工业大学,哈尔滨工业大学,2,2,0,12343.0,420.0,西北工业大学,全国赛,全国赛,93,h2h_093_heatmap_西北工业大学_vs_哈尔滨工业大学.png,2,1780056975308,6659.0,h2h_093_paths_round2_西北工业大学_vs_哈尔滨工业大学.png
东部赛区,68,北京理工大学（珠海）,南京航空航天大学金城学院,2,2,0,11337.0,420.0,北京理工大学（珠海）,全国赛,复活赛,94,h2h_094_heatmap_北京理工大学_珠海_vs_南京航空航天大学金城学院.png,1,1779605093745,6747.0,h2h_094_paths_round1_北京理工大学_珠海_vs_南京航空航天大学金城学院.png
东部赛区,16,北京理工大学（珠海）,合肥工业大学（宣城校区）,2,0,2,11133.0,420.0,合肥工业大学（宣城校区）,全国赛,全国赛,95,h2h_095_heatmap_北京理工大学_珠海_vs_合肥工业大学_宣城校区.png,2,1779358859920,5791.0,h2h_095_paths_round2_北京理工大学_珠海_vs_合肥工业大学_宣城校区.png
北部赛区,8,长安大学,西安电子科技大学,2,0,2,9045.0,420.0,西安电子科技大学,全国赛,复活赛,96,h2h_096_heatmap_长安大学_vs_西安电子科技大学.png,2,1780034699553,5418.0,h2h_096_paths_round2_长安大学_vs_西安电子科技大学.png
