学校名,队伍名称,手册参赛类别,全国赛种子梯队,复活赛梯队,区域赛区,区域赛局数,区域赛胜局率,区域赛场胜率,火力收益_平均造成伤害,平均装配次数,装配收益指数_显示用,平均飞镖伤害,飞镖收益指数_显示用,平均易伤机器人秒,平均末基地血量,战术画像
中国石油大学（华东）,RPS,全国赛,第一梯队,,东部赛区,16.0,0.9375,1.0,7140.3125,2.25,3150.0,175.0,1400.0,373.75,4958.125,强火力、基地保持好
东北大学,TDT,全国赛,第一梯队,,北部赛区,18.0,0.8333333333333334,0.875,8212.611111111111,3.1666666666666665,4433.333333333333,638.8888888888889,5111.111111111111,368.8888888888889,4553.333333333333,强火力、飞镖收益高
西安交通大学,笃行,全国赛,第五梯队,,北部赛区,11.0,0.8181818181818182,0.8,5736.272727272727,4.363636363636363,6109.090909090909,113.63636363636364,909.0909090909091,631.5454545454545,4625.0,强火力、工程/科技核心强
南京理工大学,Alliance,全国赛,,,东部赛区,11.0,0.8181818181818182,0.8,3505.2727272727275,2.8181818181818183,3945.4545454545455,36.36363636363637,290.90909090909093,56.54545454545455,4917.727272727273,低易伤暴露、基地保持好
五邑大学,IMCA,全国赛,第二梯队,,南部赛区,15.0,0.8,0.8571428571428571,6878.4,2.4,3360.0,53.333333333333336,426.6666666666667,292.1333333333333,4220.733333333334,强火力
同济大学,SuperPower,全国赛,,,北部赛区,10.0,0.8,0.8,6613.1,4.7,6580.0,0.0,0.0,699.8,4760.0,强火力、工程/科技核心强
华南农业大学,Taurus,全国赛,第一梯队,,南部赛区,20.0,0.8,0.875,5364.85,3.5,4900.0,291.25,2330.0,623.0,4735.65,工程/科技核心强、飞镖收益高
深圳大学,RobotPilots,全国赛,,,南部赛区,13.0,0.7692307692307693,0.8333333333333334,5611.538461538462,2.0,2800.0,336.53846153846155,2692.3076923076924,24.46153846153846,4819.076923076923,强火力、飞镖收益高、低易伤暴露、基地保持好
山东科技大学,SmartRobot,全国赛,第二梯队,,东部赛区,17.0,0.7647058823529411,0.8571428571428571,5514.941176470588,2.235294117647059,3129.4117647058824,404.4117647058824,3235.294117647059,591.5294117647059,4796.823529411765,强火力、飞镖收益高
北京理工大学,追梦,全国赛,,,北部赛区,12.0,0.75,0.8,4709.666666666667,2.8333333333333335,3966.666666666667,0.0,0.0,602.0833333333334,4825.833333333333,基地保持好
上海交通大学,交龙,全国赛,第五梯队,,南部赛区,11.0,0.7272727272727273,0.8,3887.181818181818,2.5454545454545454,3563.6363636363635,0.0,0.0,281.8181818181818,4672.818181818182,均衡或样本有限
浙江大学,Hello World,全国赛,第四梯队,,东部赛区,16.0,0.6875,0.7142857142857143,5219.5625,2.1875,3062.5,468.75,3750.0,353.5625,4788.75,飞镖收益高
哈尔滨工业大学（威海）,HERO,全国赛,第三梯队,,北部赛区,21.0,0.6666666666666666,0.6666666666666666,5781.190476190476,3.1904761904761907,4466.666666666667,151.1904761904762,1209.5238095238096,568.5714285714286,4247.238095238095,强火力
仲恺农业工程学院,奇点,全国赛,,,南部赛区,12.0,0.6666666666666666,0.8,5503.75,3.5,4900.0,0.0,0.0,404.75,4856.5,强火力、工程/科技核心强、基地保持好
北京理工大学（珠海）,毅恒,全国赛,,,东部赛区,12.0,0.6666666666666666,0.6666666666666666,3167.6666666666665,0.3333333333333333,466.66666666666663,0.0,0.0,639.1666666666666,4443.333333333333,均衡或样本有限
广州城市理工学院,野狼,全国赛,第三梯队,,南部赛区,20.0,0.65,0.75,5210.95,1.95,2730.0,270.0,2160.0,444.4,3984.6,飞镖收益高
合肥工业大学（宣城校区）,WDR,全国赛,第三梯队,,东部赛区,20.0,0.65,0.75,4448.4,2.15,3010.0,20.0,160.0,420.8,4784.65,均衡或样本有限
华南理工大学,华南虎,全国赛,第五梯队,,南部赛区,17.0,0.6470588235294118,0.5714285714285714,4747.764705882353,1.4705882352941178,2058.823529411765,129.41176470588235,1035.2941176470588,524.0,4817.64705882353,基地保持好
大连理工大学,凌BUG,全国赛,,,北部赛区,16.0,0.625,0.625,4195.875,2.1875,3062.5,393.75,3150.0,535.0625,4434.375,飞镖收益高
哈尔滨工业大学,I Hiter,全国赛,第二梯队,,北部赛区,21.0,0.6190476190476191,0.75,4319.857142857143,4.095238095238095,5733.333333333333,233.33333333333337,1866.666666666667,617.8571428571429,4246.0952380952385,工程/科技核心强
华东理工大学,起源,全国赛,,,东部赛区,13.0,0.6153846153846154,0.6666666666666666,5428.384615384615,2.3076923076923075,3230.7692307692305,144.23076923076923,1153.8461538461538,441.53846153846155,4745.0,均衡或样本有限
电子科技大学中山学院,RoboBraver,全国赛,第五梯队,,南部赛区,13.0,0.6153846153846154,0.6666666666666666,3379.4615384615386,1.7692307692307692,2476.9230769230767,215.3846153846154,1723.076923076923,338.3076923076923,4545.538461538462,均衡或样本有限
武汉工程大学,Nautilus,全国赛,,,南部赛区,18.0,0.6111111111111112,0.625,4603.166666666667,4.222222222222222,5911.111111111111,0.0,0.0,198.5,4494.944444444444,工程/科技核心强
哈尔滨工业大学（深圳）,南工骁鹰,全国赛,,,东部赛区,15.0,0.6,0.6666666666666666,4760.2,2.533333333333333,3546.6666666666665,0.0,0.0,430.46666666666664,4396.933333333333,均衡或样本有限
长安大学,VGD,全国赛,,,北部赛区,20.0,0.55,0.625,3219.65,1.9,2660.0,100.0,800.0,365.2,4954.5,基地保持好
东莞理工学院,ACE,全国赛,第四梯队,,南部赛区,22.0,0.5454545454545454,0.5555555555555556,5490.318181818182,2.363636363636364,3309.09090909091,95.45454545454544,763.6363636363635,578.6363636363636,3955.818181818182,均衡或样本有限
复旦大学,星云EGA,全国赛,,,北部赛区,17.0,0.5294117647058824,0.5714285714285714,5190.941176470588,3.3529411764705883,4694.117647058823,23.529411764705884,188.23529411764707,318.47058823529414,4348.882352941177,工程/科技核心强
西北工业大学,WMJ,全国赛,第四梯队,,北部赛区,21.0,0.5238095238095238,0.625,4294.9047619047615,1.5714285714285714,2200.0,28.571428571428573,228.57142857142858,609.6666666666666,4221.285714285715,均衡或样本有限
西安电子科技大学,IRobot,复活赛,,第一梯队,北部赛区,13.0,0.6923076923076923,0.6666666666666666,4649.384615384615,1.4615384615384617,2046.1538461538464,40.76923076923077,326.15384615384613,348.3076923076923,4831.923076923077,基地保持好
中国科学技术大学,RoboWalker,复活赛,,第一梯队,东部赛区,13.0,0.6923076923076923,0.6666666666666666,3895.692307692307,2.230769230769231,3123.0769230769233,15.384615384615383,123.07692307692307,395.53846153846155,4826.153846153846,基地保持好
南京航空航天大学金城学院,Born of Fire,复活赛,,第一梯队,东部赛区,15.0,0.6,0.6666666666666666,3740.3333333333335,0.1333333333333333,186.66666666666663,0.0,0.0,0.0,4966.666666666667,低易伤暴露、基地保持好
应急管理大学,风暴,复活赛,,第二梯队,北部赛区,14.0,0.5714285714285714,0.5714285714285714,4942.142857142857,2.642857142857143,3700.0,14.285714285714286,114.28571428571429,683.2857142857143,4437.571428571428,均衡或样本有限
太原科技大学,NewMaker,复活赛,,第二梯队,东部赛区,18.0,0.5555555555555556,0.5,3931.055555555556,2.388888888888889,3344.4444444444443,66.66666666666667,533.3333333333334,840.1666666666666,4709.277777777777,均衡或样本有限
广东工业大学,DynamicX,复活赛,,第一梯队,南部赛区,20.0,0.55,0.5,4673.95,2.25,3150.0,400.0,3200.0,375.05,4375.85,飞镖收益高
深圳技术大学,悍匠,复活赛,,第二梯队,南部赛区,15.0,0.5333333333333333,0.5,3406.2,0.8666666666666667,1213.3333333333335,93.33333333333331,746.6666666666665,44.733333333333334,4168.666666666667,低易伤暴露
沈阳理工大学,Ambition,复活赛,,第二梯队,北部赛区,17.0,0.5294117647058824,0.5,4539.764705882353,1.6470588235294117,2305.8823529411766,82.3529411764706,658.8235294117648,646.4705882352941,4554.705882352941,均衡或样本有限
山东理工大学,齐奇,复活赛,,第一梯队,北部赛区,17.0,0.5294117647058824,0.5714285714285714,4236.823529411765,3.5294117647058822,4941.176470588235,58.8235294117647,470.5882352941176,531.9411764705883,4719.470588235294,工程/科技核心强
南华大学,MA,复活赛,,第一梯队,南部赛区,19.0,0.5263157894736842,0.5,4213.105263157895,3.0,4200.0,42.10526315789474,336.8421052631579,736.6842105263158,4506.894736842105,均衡或样本有限
江南大学霞客湾校区,SHARK,复活赛,,第二梯队,东部赛区,21.0,0.5238095238095238,0.5,4030.190476190476,1.9523809523809523,2733.3333333333335,28.571428571428573,228.57142857142858,471.5238095238095,4861.9047619047615,基地保持好
华中科技大学,狼牙,复活赛,,第二梯队,南部赛区,14.0,0.5,0.5,3390.0714285714284,3.142857142857143,4400.0,200.0,1600.0,424.0,4561.0,均衡或样本有限
中国矿业大学,CUBOT,复活赛,,第一梯队,东部赛区,16.0,0.5,0.5714285714285714,2989.375,0.6875,962.5,46.875,375.0,499.625,4280.625,均衡或样本有限
南方科技大学,ARTINX,复活赛,,第一梯队,东部赛区,19.0,0.4736842105263157,0.5714285714285714,4117.9473684210525,3.3684210526315788,4715.78947368421,118.42105263157896,947.3684210526317,490.42105263157896,4851.8421052631575,工程/科技核心强、基地保持好
厦门大学嘉庚学院,TCR,复活赛,,第二梯队,南部赛区,13.0,0.4615384615384615,0.5,4614.538461538462,2.0,2800.0,30.76923076923077,246.15384615384616,499.6923076923077,4577.307692307692,均衡或样本有限
桂林电子科技大学,Evolution,复活赛,,第二梯队,南部赛区,17.0,0.4117647058823529,0.4285714285714285,3996.941176470588,1.2352941176470589,1729.4117647058824,152.94117647058823,1223.5294117647059,648.0588235294117,4542.470588235294,均衡或样本有限
