赛区,场次号,阵营,学校名,对手学校,胜局,局数,造成伤害,受伤害,装配次数,飞镖伤害,易伤机器人秒,末基地均值,末前哨均值,末金币均值
东部赛区,7,红,华东理工大学,中国矿业大学,2,2,12916.0,2747.0,6.0,625.0,808,5000.0,1065.0,3327.5
东部赛区,7,蓝,中国矿业大学,华东理工大学,0,2,2747.0,12916.0,0.0,0.0,0,3372.5,0.0,875.0
东部赛区,16,红,北京理工大学（珠海）,合肥工业大学（宣城校区）,0,2,3716.0,7417.0,2.0,0.0,0,5000.0,0.0,1700.0
东部赛区,16,蓝,合肥工业大学（宣城校区）,北京理工大学（珠海）,2,2,7417.0,3716.0,0.0,0.0,24,5000.0,145.0,900.0
东部赛区,18,红,华东理工大学,中国石油大学（华东）,0,2,8924.0,13805.0,5.0,0.0,898,4280.0,0.0,3195.0
东部赛区,18,蓝,中国石油大学（华东）,华东理工大学,2,2,13805.0,8924.0,5.0,400.0,1544,5000.0,360.0,3100.0
东部赛区,25,红,江南大学霞客湾校区,南方科技大学,2,2,9945.0,7231.0,4.0,0.0,267,5000.0,205.0,2187.5
东部赛区,25,蓝,南方科技大学,江南大学霞客湾校区,0,2,7231.0,9945.0,6.0,0.0,0,5000.0,0.0,3875.0
东部赛区,26,红,山东科技大学,哈尔滨工业大学（深圳）,2,3,13110.0,12310.0,8.0,1250.0,3525,4775.0,0.0,3086.6666666666665
东部赛区,26,蓝,哈尔滨工业大学（深圳）,山东科技大学,1,3,12310.0,13110.0,5.0,0.0,1747,4633.333333333333,0.0,1558.3333333333333
东部赛区,38,红,南京航空航天大学金城学院,中国矿业大学,2,2,9763.0,6703.0,0.0,0.0,0,5000.0,0.0,800.0
东部赛区,38,蓝,中国矿业大学,南京航空航天大学金城学院,0,2,6703.0,9763.0,1.0,750.0,3233,3845.0,0.0,1475.0
东部赛区,41,红,合肥工业大学（宣城校区）,山东科技大学,0,2,7133.0,9646.0,5.0,0.0,881,4762.5,0.0,3200.0
东部赛区,41,蓝,山东科技大学,合肥工业大学（宣城校区）,2,2,9646.0,7133.0,4.0,625.0,0,5000.0,0.0,2095.0
东部赛区,42,红,江南大学霞客湾校区,浙江大学,0,2,7953.0,8549.0,6.0,0.0,1028,4525.0,0.0,2827.5
东部赛区,42,蓝,浙江大学,江南大学霞客湾校区,2,2,8549.0,7953.0,5.0,1250.0,0,5000.0,0.0,3002.5
东部赛区,51,红,太原科技大学,南京航空航天大学金城学院,1,3,12357.0,13251.0,9.0,0.0,4843,5000.0,0.0,2875.0
东部赛区,51,蓝,南京航空航天大学金城学院,太原科技大学,2,3,13251.0,12357.0,0.0,0.0,0,5000.0,0.0,800.0
东部赛区,55,红,江南大学霞客湾校区,合肥工业大学（宣城校区）,1,3,11818.0,14660.0,5.0,0.0,0,5000.0,0.0,2466.6666666666665
东部赛区,55,蓝,合肥工业大学（宣城校区）,江南大学霞客湾校区,2,3,14660.0,11818.0,7.0,0.0,0,4916.666666666667,0.0,3191.6666666666665
东部赛区,57,红,哈尔滨工业大学（深圳）,南方科技大学,2,3,13547.0,11076.0,7.0,0.0,1246,4231.333333333333,0.0,2908.3333333333335
东部赛区,57,蓝,南方科技大学,哈尔滨工业大学（深圳）,1,3,11076.0,13547.0,7.0,750.0,4822,4700.0,0.0,2975.0
东部赛区,67,红,山东科技大学,太原科技大学,2,2,11714.0,7916.0,7.0,625.0,423,4925.0,0.0,3077.5
东部赛区,67,蓝,太原科技大学,山东科技大学,0,2,7916.0,11714.0,6.0,0.0,1707,3498.5,0.0,3525.0
东部赛区,68,红,北京理工大学（珠海）,南京航空航天大学金城学院,2,2,6007.0,5330.0,0.0,0.0,2810,5000.0,0.0,875.0
东部赛区,68,蓝,南京航空航天大学金城学院,北京理工大学（珠海）,0,2,5330.0,6007.0,0.0,0.0,0,5000.0,0.0,800.0
东部赛区,69,红,中国矿业大学,浙江大学,0,2,4279.0,15026.0,0.0,0.0,2902,2027.5,0.0,875.0
东部赛区,69,蓝,浙江大学,中国矿业大学,2,2,15026.0,4279.0,8.0,1875.0,0,5000.0,750.0,3662.5
东部赛区,70,红,华东理工大学,江南大学霞客湾校区,2,3,16130.0,11873.0,9.0,1250.0,0,4900.0,0.0,3256.6666666666665
东部赛区,70,蓝,江南大学霞客湾校区,华东理工大学,1,3,11873.0,16130.0,2.0,600.0,3224,4350.0,0.0,1150.0
东部赛区,72,红,南京理工大学,南方科技大学,2,2,7820.0,7281.0,12.0,400.0,1,5000.0,0.0,4115.0
东部赛区,72,蓝,南方科技大学,南京理工大学,0,2,7281.0,7820.0,7.0,0.0,396,4950.0,0.0,3822.5
东部赛区,73,红,哈尔滨工业大学（深圳）,中国科学技术大学,2,3,14102.0,12268.0,11.0,0.0,3270,5000.0,0.0,3391.6666666666665
东部赛区,73,蓝,中国科学技术大学,哈尔滨工业大学（深圳）,1,3,12268.0,14102.0,4.0,0.0,4639,4246.666666666667,0.0,2058.3333333333335
东部赛区,75,红,山东科技大学,北京理工大学（珠海）,2,2,16813.0,7211.0,7.0,1250.0,1974,5000.0,0.0,3012.5
东部赛区,75,蓝,北京理工大学（珠海）,山东科技大学,0,2,7211.0,16813.0,1.0,0.0,932,1660.0,0.0,1400.0
东部赛区,76,红,华东理工大学,浙江大学,0,2,12447.0,12690.0,2.0,0.0,2427,4212.5,0.0,2700.0
东部赛区,76,蓝,浙江大学,华东理工大学,2,2,12690.0,12447.0,5.0,1875.0,0,4875.0,0.0,3252.5
东部赛区,77,红,合肥工业大学（宣城校区）,南京理工大学,2,3,13182.0,11079.0,8.0,200.0,386,4943.333333333333,0.0,3325.0
东部赛区,77,蓝,南京理工大学,合肥工业大学（宣城校区）,1,3,11079.0,13182.0,6.0,0.0,0,4698.333333333333,0.0,2716.6666666666665
东部赛区,78,红,中国石油大学（华东）,哈尔滨工业大学（深圳）,2,2,17981.0,5467.0,6.0,0.0,2552,4902.5,750.0,3500.0
东部赛区,78,蓝,哈尔滨工业大学（深圳）,中国石油大学（华东）,0,2,5467.0,17981.0,2.0,0.0,77,2180.0,0.0,1700.0
东部赛区,79,红,太原科技大学,南京航空航天大学金城学院,1,3,9425.0,11963.0,2.0,800.0,4724,4256.666666666667,0.0,1850.0
东部赛区,79,蓝,南京航空航天大学金城学院,太原科技大学,2,3,11963.0,9425.0,1.0,0.0,0,4833.333333333333,0.0,1266.6666666666667
东部赛区,80,红,江南大学霞客湾校区,中国矿业大学,1,3,11200.0,11420.0,3.0,0.0,4109,5000.0,0.0,1458.3333333333333
东部赛区,80,蓝,中国矿业大学,江南大学霞客湾校区,2,3,11420.0,11200.0,3.0,0.0,14,5000.0,0.0,1525.0
东部赛区,83,红,山东科技大学,合肥工业大学（宣城校区）,2,2,12150.0,7697.0,6.0,1875.0,0,5000.0,0.0,3262.5
东部赛区,83,蓝,合肥工业大学（宣城校区）,山东科技大学,0,2,7697.0,12150.0,5.0,0.0,979,3930.0,212.5,2887.5
东部赛区,84,红,浙江大学,中国石油大学（华东）,0,2,9873.0,14676.0,1.0,0.0,3028,3460.0,0.0,1600.0
东部赛区,84,蓝,中国石油大学（华东）,浙江大学,2,2,14676.0,9873.0,7.0,200.0,789,5000.0,0.0,3592.5
东部赛区,87,红,合肥工业大学（宣城校区）,浙江大学,3,4,20382.0,17089.0,11.0,200.0,3988,4682.0,0.0,2996.25
东部赛区,87,蓝,浙江大学,合肥工业大学（宣城校区）,1,4,17089.0,20382.0,9.0,625.0,0,4987.5,0.0,3008.75
东部赛区,88,红,山东科技大学,中国石油大学（华东）,1,4,16040.0,20579.0,0.0,625.0,4134,4342.75,0.0,875.0
东部赛区,88,蓝,中国石油大学（华东）,山东科技大学,3,4,20579.0,16040.0,1.0,800.0,665,4881.25,0.0,1300.0
北部赛区,4,红,山东理工大学,西北工业大学,1,3,11009.0,7870.0,8.0,200.0,0,4775.0,349.0,2633.3333333333335
北部赛区,4,蓝,西北工业大学,山东理工大学,2,3,7870.0,11009.0,3.0,0.0,471,4983.333333333333,0.0,1825.0
北部赛区,8,红,长安大学,西安电子科技大学,0,2,3718.0,5327.0,3.0,0.0,367,5000.0,0.0,1962.5
北部赛区,8,蓝,西安电子科技大学,长安大学,2,2,5327.0,3718.0,1.0,0.0,0,5000.0,450.0,875.0
北部赛区,11,红,大连理工大学,沈阳理工大学,0,2,7535.0,9726.0,1.0,300.0,0,4105.0,0.0,1500.0
北部赛区,11,蓝,沈阳理工大学,大连理工大学,2,2,9726.0,7535.0,5.0,0.0,0,4925.0,0.0,2255.0
北部赛区,17,红,西北工业大学,哈尔滨工业大学,2,2,8263.0,4080.0,0.0,0.0,277,5000.0,0.0,875.0
北部赛区,17,蓝,哈尔滨工业大学,西北工业大学,0,2,4080.0,8263.0,10.0,0.0,0,4212.5,0.0,4165.0
北部赛区,18,红,西安交通大学,哈尔滨工业大学（威海）,2,2,15077.0,9460.0,7.0,625.0,3423,5000.0,0.0,3987.5
北部赛区,18,蓝,哈尔滨工业大学（威海）,西安交通大学,0,2,9460.0,15077.0,5.0,0.0,3262,2526.0,0.0,3037.5
北部赛区,26,红,沈阳理工大学,同济大学,0,2,6796.0,14657.0,0.0,0.0,620,2725.0,0.0,875.0
北部赛区,26,蓝,同济大学,沈阳理工大学,2,2,14657.0,6796.0,11.0,0.0,1475,5000.0,0.0,4405.0
北部赛区,33,红,西北工业大学,西安电子科技大学,0,2,6519.0,10088.0,2.0,0.0,1709,4100.0,0.0,1887.5
北部赛区,33,蓝,西安电子科技大学,西北工业大学,2,2,10088.0,6519.0,5.0,0.0,1003,5000.0,0.0,2850.0
北部赛区,41,红,北京理工大学,应急管理大学,2,2,10923.0,10976.0,6.0,0.0,1369,5000.0,0.0,3300.0
北部赛区,41,蓝,应急管理大学,北京理工大学,0,2,10976.0,10923.0,6.0,0.0,2424,3855.0,0.0,3230.0
北部赛区,42,红,东北大学,同济大学,0,2,10670.0,12547.0,0.0,1200.0,10,3492.5,0.0,800.0
北部赛区,42,蓝,同济大学,东北大学,2,2,12547.0,10670.0,10.0,0.0,2917,4550.0,0.0,4247.5
北部赛区,49,红,西北工业大学,哈尔滨工业大学（威海）,2,3,10862.0,14275.0,6.0,200.0,0,3324.0,0.0,2850.0
北部赛区,49,蓝,哈尔滨工业大学（威海）,西北工业大学,1,3,14275.0,10862.0,11.0,400.0,3058,4707.0,0.0,3960.0
北部赛区,50,红,长安大学,山东理工大学,1,3,9718.0,15725.0,2.0,600.0,0,4810.0,0.0,908.3333333333334
北部赛区,50,蓝,山东理工大学,长安大学,2,3,15725.0,9718.0,11.0,0.0,889,4850.0,665.0,3596.6666666666665
北部赛区,55,红,沈阳理工大学,应急管理大学,0,2,8506.0,11140.0,3.0,0.0,1140,4142.5,0.0,1837.5
北部赛区,55,蓝,应急管理大学,沈阳理工大学,2,2,11140.0,8506.0,6.0,0.0,0,4565.0,0.0,3525.0
北部赛区,57,红,东北大学,复旦大学,2,2,18225.0,5594.0,8.0,2100.0,0,5000.0,1230.0,3445.0
北部赛区,57,蓝,复旦大学,东北大学,0,2,5594.0,18225.0,4.0,0.0,2712,1480.5,0.0,2327.5
北部赛区,68,红,东北大学,山东理工大学,2,2,17434.0,8597.0,7.0,1400.0,0,5000.0,642.5,3582.5
北部赛区,68,蓝,山东理工大学,东北大学,0,2,8597.0,17434.0,6.0,0.0,1337,3440.5,0.0,3337.5
北部赛区,69,红,长安大学,北京理工大学,0,2,7431.0,10061.0,0.0,200.0,391,4972.5,0.0,800.0
北部赛区,69,蓝,北京理工大学,长安大学,2,2,10061.0,7431.0,6.0,0.0,2304,4975.0,0.0,3375.0
北部赛区,70,红,西北工业大学,沈阳理工大学,2,2,10327.0,10193.0,4.0,0.0,1934,4975.0,0.0,2712.5
北部赛区,70,蓝,沈阳理工大学,西北工业大学,0,2,10193.0,10327.0,5.0,200.0,988,4547.5,0.0,2792.5
北部赛区,71,红,哈尔滨工业大学（威海）,应急管理大学,2,2,12275.0,9645.0,7.0,0.0,32,4959.0,0.0,3767.5
北部赛区,71,蓝,应急管理大学,哈尔滨工业大学（威海）,0,2,9645.0,12275.0,3.0,200.0,3633,3418.0,0.0,2187.5
北部赛区,72,红,西安交通大学,大连理工大学,2,2,14223.0,9793.0,11.0,625.0,0,4437.5,0.0,3945.0
北部赛区,72,蓝,大连理工大学,西安交通大学,0,2,9793.0,14223.0,5.0,1200.0,3101,1695.0,0.0,3112.5
北部赛区,74,红,复旦大学,西安电子科技大学,2,3,13253.0,12406.0,8.0,0.0,0,5000.0,0.0,3683.3333333333335
北部赛区,74,蓝,西安电子科技大学,复旦大学,1,3,12406.0,13253.0,5.0,0.0,1709,4356.666666666667,0.0,2183.3333333333335
北部赛区,75,红,同济大学,东北大学,0,2,13644.0,15699.0,7.0,0.0,2580,4250.0,0.0,3837.5
北部赛区,75,蓝,东北大学,同济大学,2,2,15699.0,13644.0,8.0,1800.0,1,4925.0,0.0,3480.0
北部赛区,76,红,西北工业大学,北京理工大学,2,3,15657.0,10844.0,8.0,0.0,2075,4581.666666666667,0.0,2725.0
北部赛区,76,蓝,北京理工大学,西北工业大学,1,3,10844.0,15657.0,9.0,0.0,3405,4320.0,0.0,3516.6666666666665
北部赛区,77,红,哈尔滨工业大学（威海）,西安交通大学,2,3,20005.0,7624.0,9.0,925.0,2116,4765.0,426.6666666666667,4025.0
北部赛区,77,蓝,西安交通大学,哈尔滨工业大学（威海）,1,3,7624.0,20005.0,13.0,0.0,3506,4016.6666666666665,0.0,3908.3333333333335
北部赛区,78,红,复旦大学,哈尔滨工业大学,1,3,16829.0,16843.0,12.0,400.0,18,4130.0,0.0,3831.6666666666665
北部赛区,78,蓝,哈尔滨工业大学,复旦大学,2,3,16843.0,16829.0,12.0,1800.0,1489,3640.0,100.0,3185.0
北部赛区,80,红,沈阳理工大学,长安大学,1,3,8315.0,9029.0,0.0,0.0,2794,4916.666666666667,0.0,875.0
北部赛区,80,蓝,长安大学,沈阳理工大学,2,3,9029.0,8315.0,5.0,400.0,0,5000.0,0.0,2191.6666666666665
北部赛区,81,红,应急管理大学,大连理工大学,0,2,8347.0,10420.0,5.0,0.0,0,4250.0,375.0,3537.5
北部赛区,81,蓝,大连理工大学,应急管理大学,2,2,10420.0,8347.0,7.0,1800.0,17,4700.0,0.0,3542.5
北部赛区,83,红,东北大学,哈尔滨工业大学（威海）,2,2,18365.0,10255.0,4.0,2100.0,3050,3362.5,0.0,2317.5
北部赛区,83,蓝,哈尔滨工业大学（威海）,东北大学,0,2,10255.0,18365.0,6.0,1250.0,2483,1167.0,0.0,3837.5
北部赛区,84,红,西北工业大学,哈尔滨工业大学,1,3,16876.0,12914.0,8.0,200.0,1200,4856.666666666667,0.0,3241.6666666666665
北部赛区,84,蓝,哈尔滨工业大学,西北工业大学,2,3,12914.0,16876.0,11.0,400.0,2800,4733.333333333333,0.0,3935.0
北部赛区,85,红,山东理工大学,大连理工大学,0,2,6695.0,9323.0,8.0,200.0,0,4737.5,0.0,3565.0
北部赛区,85,蓝,大连理工大学,山东理工大学,2,2,9323.0,6695.0,7.0,600.0,0,4975.0,0.0,3480.0
北部赛区,86,红,长安大学,西安电子科技大学,2,2,7840.0,8761.0,3.0,400.0,3392,5000.0,0.0,2112.5
北部赛区,86,蓝,西安电子科技大学,长安大学,0,2,8761.0,7840.0,2.0,530.0,117,4872.5,0.0,2100.0
北部赛区,89,红,哈尔滨工业大学（威海）,西北工业大学,3,3,22309.0,13819.0,12.0,0.0,3,4490.666666666667,0.0,4113.333333333333
北部赛区,89,蓝,西北工业大学,哈尔滨工业大学（威海）,0,3,13819.0,22309.0,2.0,200.0,5137,2420.0,0.0,1558.3333333333333
北部赛区,90,红,东北大学,哈尔滨工业大学,3,4,33372.0,19873.0,14.0,0.0,2301,4600.0,418.0,3180.0
北部赛区,90,蓝,哈尔滨工业大学,东北大学,1,4,19873.0,33372.0,13.0,1900.0,4747,2768.25,0.0,3595.0
南部赛区,3,红,仲恺农业工程学院,华南理工大学,2,3,14349.0,10114.0,10.0,0.0,1781,5000.0,213.33333333333334,3128.3333333333335
南部赛区,3,蓝,华南理工大学,仲恺农业工程学院,1,3,10114.0,14349.0,4.0,0.0,2029,4991.666666666667,246.66666666666666,1983.3333333333333
南部赛区,10,红,东莞理工学院,华中科技大学,2,2,11472.0,5839.0,4.0,0.0,0,5000.0,35.0,3062.5
南部赛区,10,蓝,华中科技大学,东莞理工学院,0,2,5839.0,11472.0,4.0,0.0,719,3925.0,0.0,2712.5
南部赛区,11,红,五邑大学,深圳技术大学,2,2,16602.0,4977.0,3.0,0.0,523,5000.0,142.5,1600.0
南部赛区,11,蓝,深圳技术大学,五邑大学,0,2,4977.0,16602.0,1.0,0.0,287,1097.5,0.0,1500.0
南部赛区,19,红,厦门大学嘉庚学院,桂林电子科技大学,2,3,13550.0,12545.0,6.0,0.0,0,5000.0,180.0,2733.3333333333335
南部赛区,19,蓝,桂林电子科技大学,厦门大学嘉庚学院,1,3,12545.0,13550.0,1.0,0.0,0,4713.333333333333,0.0,1375.0
南部赛区,27,红,广东工业大学,广州城市理工学院,1,3,12651.0,19689.0,7.0,1600.0,1679,3159.0,0.0,2413.3333333333335
南部赛区,27,蓝,广州城市理工学院,广东工业大学,2,3,19689.0,12651.0,5.0,1600.0,2771,4146.666666666667,0.0,2758.3333333333335
南部赛区,28,红,深圳大学,南华大学,2,3,15478.0,10248.0,2.0,1250.0,36,4998.333333333333,293.3333333333333,1516.6666666666667
南部赛区,28,蓝,南华大学,深圳大学,1,3,10248.0,15478.0,5.0,0.0,4207,4583.333333333333,0.0,1821.6666666666667
南部赛区,33,红,仲恺农业工程学院,厦门大学嘉庚学院,2,2,12696.0,6541.0,7.0,0.0,930,4998.0,0.0,3422.5
南部赛区,33,蓝,厦门大学嘉庚学院,仲恺农业工程学院,0,2,6541.0,12696.0,2.0,0.0,0,4970.0,0.0,2025.0
南部赛区,34,红,上海交通大学,电子科技大学中山学院,2,2,12186.0,6443.0,7.0,0.0,1189,4950.5,0.0,3550.0
南部赛区,34,蓝,电子科技大学中山学院,上海交通大学,0,2,6443.0,12186.0,5.0,0.0,0,3077.5,0.0,3037.5
南部赛区,36,红,华南理工大学,桂林电子科技大学,1,3,10091.0,13270.0,6.0,200.0,0,4731.666666666667,0.0,2875.0
南部赛区,36,蓝,桂林电子科技大学,华南理工大学,2,3,13270.0,10091.0,5.0,800.0,2525,4930.0,0.0,2475.0
南部赛区,41,红,深圳大学,东莞理工学院,2,2,13315.0,11962.0,5.0,625.0,252,5000.0,0.0,2825.0
南部赛区,41,蓝,东莞理工学院,深圳大学,0,2,11962.0,13315.0,2.0,0.0,2917,2342.5,0.0,2250.0
南部赛区,42,红,广州城市理工学院,五邑大学,0,2,9513.0,15475.0,4.0,600.0,0,1745.0,0.0,2975.0
南部赛区,42,蓝,五邑大学,广州城市理工学院,2,2,15475.0,9513.0,6.0,0.0,518,4437.5,0.0,3775.0
南部赛区,50,红,桂林电子科技大学,电子科技大学中山学院,0,2,7773.0,9097.0,3.0,0.0,906,4400.0,0.0,2600.0
南部赛区,50,蓝,电子科技大学中山学院,桂林电子科技大学,2,2,9097.0,7773.0,3.0,1200.0,0,4995.5,0.0,2212.5
南部赛区,51,红,华南农业大学,武汉工程大学,2,3,10212.0,12925.0,12.0,800.0,1136,4775.0,79.0,4045.0
南部赛区,51,蓝,武汉工程大学,华南农业大学,1,3,12925.0,10212.0,13.0,0.0,280,4708.333333333333,0.0,3780.0
南部赛区,55,红,广州城市理工学院,东莞理工学院,2,3,13766.0,14137.0,8.0,0.0,940,3956.3333333333335,0.0,3258.3333333333335
南部赛区,55,蓝,东莞理工学院,广州城市理工学院,1,3,14137.0,13766.0,10.0,600.0,2206,4094.3333333333335,0.0,3683.3333333333335
南部赛区,56,红,南华大学,深圳技术大学,0,2,7641.0,8221.0,3.0,0.0,1143,4700.0,0.0,2000.0
南部赛区,56,蓝,深圳技术大学,南华大学,2,2,8221.0,7641.0,2.0,600.0,0,5000.0,0.0,2425.0
南部赛区,57,红,华中科技大学,广东工业大学,2,3,9866.0,9912.0,10.0,600.0,2351,4912.0,0.0,3546.6666666666665
南部赛区,57,蓝,广东工业大学,华中科技大学,1,3,9912.0,9866.0,6.0,200.0,1485,4731.666666666667,0.0,2190.0
南部赛区,67,红,五邑大学,武汉工程大学,2,2,17600.0,8587.0,7.0,0.0,1420,4325.0,0.0,3925.0
南部赛区,67,蓝,武汉工程大学,五邑大学,0,2,8587.0,17600.0,7.0,0.0,208,2182.0,0.0,3942.5
南部赛区,68,红,华中科技大学,电子科技大学中山学院,1,3,10276.0,10636.0,12.0,1000.0,1671,4674.0,0.0,4016.6666666666665
南部赛区,68,蓝,电子科技大学中山学院,华中科技大学,2,3,10636.0,10276.0,6.0,800.0,1265,4665.333333333333,0.0,2675.0
南部赛区,69,红,华南理工大学,深圳大学,2,2,13847.0,6866.0,3.0,200.0,2649,5000.0,315.0,2862.5
南部赛区,69,蓝,深圳大学,华南理工大学,0,2,6866.0,13847.0,5.0,0.0,29,4676.5,0.0,3487.5
南部赛区,70,红,厦门大学嘉庚学院,东莞理工学院,0,2,8408.0,12020.0,4.0,400.0,815,4087.5,0.0,2525.0
南部赛区,70,蓝,东莞理工学院,厦门大学嘉庚学院,2,2,12020.0,8408.0,7.0,300.0,1413,4793.0,0.0,3802.5
南部赛区,71,红,桂林电子科技大学,广州城市理工学院,0,2,7364.0,10173.0,2.0,600.0,701,3892.5,0.0,2425.0
南部赛区,71,蓝,广州城市理工学院,桂林电子科技大学,2,2,10173.0,7364.0,3.0,400.0,0,4695.0,0.0,2487.5
南部赛区,72,红,上海交通大学,广东工业大学,2,3,10847.0,15519.0,8.0,0.0,0,4600.0,0.0,3166.6666666666665
南部赛区,72,蓝,广东工业大学,上海交通大学,1,3,15519.0,10847.0,7.0,1200.0,227,4616.333333333333,0.0,3116.6666666666665
南部赛区,73,红,深圳技术大学,华南农业大学,1,3,12450.0,14229.0,4.0,500.0,0,4118.333333333333,0.0,2708.3333333333335
南部赛区,73,蓝,华南农业大学,深圳技术大学,2,3,14229.0,12450.0,11.0,200.0,1691,4820.333333333333,0.0,3891.6666666666665
南部赛区,74,红,南华大学,仲恺农业工程学院,1,3,13860.0,16837.0,8.0,300.0,1921,4189.333333333333,0.0,2935.0
南部赛区,74,蓝,仲恺农业工程学院,南华大学,2,3,16837.0,13860.0,10.0,0.0,1593,4895.333333333333,0.0,3741.6666666666665
南部赛区,75,红,五邑大学,电子科技大学中山学院,2,2,8970.0,6619.0,0.0,0.0,0,4547.5,0.0,900.0
南部赛区,75,蓝,电子科技大学中山学院,五邑大学,0,2,6619.0,8970.0,3.0,800.0,794,4475.0,0.0,2275.0
南部赛区,76,红,东莞理工学院,华南理工大学,2,3,15700.0,15324.0,7.0,300.0,2145,3838.3333333333335,0.0,3175.0
南部赛区,76,蓝,华南理工大学,东莞理工学院,1,3,15324.0,15700.0,3.0,400.0,2094,4266.666666666667,0.0,2166.6666666666665
南部赛区,77,红,广州城市理工学院,上海交通大学,2,2,11885.0,5717.0,6.0,800.0,0,4779.0,0.0,2907.5
南部赛区,77,蓝,上海交通大学,广州城市理工学院,0,2,5717.0,11885.0,6.0,0.0,609,3850.0,0.0,3337.5
南部赛区,78,红,仲恺农业工程学院,华南农业大学,0,2,11065.0,11035.0,8.0,0.0,553,4300.0,0.0,3667.5
南部赛区,78,蓝,华南农业大学,仲恺农业工程学院,2,2,11035.0,11065.0,4.0,800.0,1006,4970.0,0.0,2185.0
南部赛区,79,红,武汉工程大学,华中科技大学,2,2,11521.0,8459.0,6.0,0.0,0,4600.0,0.0,3480.0
南部赛区,79,蓝,华中科技大学,武汉工程大学,0,2,8459.0,11521.0,6.0,800.0,826,3623.0,0.0,3387.5
南部赛区,80,红,厦门大学嘉庚学院,深圳大学,0,2,10838.0,14227.0,5.0,0.0,2181,3207.5,0.0,3250.0
南部赛区,80,蓝,深圳大学,厦门大学嘉庚学院,2,2,14227.0,10838.0,5.0,625.0,1,4468.0,0.0,3137.5
南部赛区,81,红,桂林电子科技大学,广东工业大学,0,2,6869.0,9937.0,3.0,400.0,1679,3353.5,0.0,2362.5
南部赛区,81,蓝,广东工业大学,桂林电子科技大学,2,2,9937.0,6869.0,6.0,800.0,0,4800.0,105.0,3297.5
南部赛区,82,红,南华大学,深圳技术大学,2,3,13506.0,9514.0,10.0,500.0,1539,4900.0,251.66666666666666,3651.6666666666665
南部赛区,82,蓝,深圳技术大学,南华大学,1,3,9514.0,13506.0,3.0,300.0,384,4326.666666666667,0.0,1858.3333333333333
南部赛区,83,红,五邑大学,广州城市理工学院,2,2,11616.0,9229.0,6.0,600.0,0,4500.0,0.0,3925.0
南部赛区,83,蓝,广州城市理工学院,五邑大学,0,2,9229.0,11616.0,3.0,1000.0,3034,3140.5,0.0,2900.0
南部赛区,84,红,东莞理工学院,华南农业大学,0,2,10522.0,15509.0,4.0,900.0,241,1992.5,0.0,2850.0
南部赛区,84,蓝,华南农业大学,东莞理工学院,2,2,15509.0,10522.0,7.0,800.0,1617,4430.0,0.0,3180.0
南部赛区,85,红,武汉工程大学,广东工业大学,2,2,11317.0,10560.0,11.0,0.0,0,4130.0,0.0,4095.0
南部赛区,85,蓝,广东工业大学,武汉工程大学,0,2,10560.0,11317.0,2.0,1400.0,867,3768.5,0.0,1787.5
南部赛区,86,红,深圳大学,南华大学,2,2,14013.0,11182.0,5.0,1875.0,0,4682.0,0.0,3212.5
南部赛区,86,蓝,南华大学,深圳大学,0,2,11182.0,14013.0,9.0,0.0,2683,2606.5,0.0,3847.5
南部赛区,87,红,广州城市理工学院,东莞理工学院,3,4,20850.0,20927.0,5.0,600.0,2143,4166.0,0.0,2081.25
南部赛区,87,蓝,东莞理工学院,广州城市理工学院,1,4,20927.0,20850.0,7.0,0.0,1960,3758.75,0.0,2762.5
南部赛区,88,红,五邑大学,华南农业大学,0,3,16881.0,22881.0,8.0,200.0,470,2563.6666666666665,0.0,3425.0
南部赛区,88,蓝,华南农业大学,五邑大学,3,3,22881.0,16881.0,11.0,1800.0,3940,4042.3333333333335,0.0,3880.0
