学校名,队伍类别,事件类型,增益类型,机器人类型,触发次数,覆盖局数,覆盖场数,学校触发次数,学校覆盖局数,学校覆盖场数,类型覆盖局数,类型覆盖场数,统计范围局数,统计范围场数,平均首次触发时间,最早触发时间
中国石油大学（华东）,全国赛,增益,飞坡,步兵3,48,16,7,123,16,7,254,154,613,266,73.4,16
中国石油大学（华东）,全国赛,增益,飞坡,步兵4,48,14,7,123,16,7,254,154,613,266,171.8,50
中国石油大学（华东）,全国赛,增益,飞坡,英雄,27,14,7,123,16,7,254,154,613,266,118.2,18
华南理工大学,全国赛,增益,过中央高地,步兵3,30,15,7,86,17,7,373,190,613,266,127.4,11
华南理工大学,全国赛,增益,过中央高地,步兵4,21,12,6,86,17,7,373,190,613,266,167.6,10
华南理工大学,全国赛,增益,过中央高地,工程,3,2,1,86,17,7,373,190,613,266,56,53
华南理工大学,全国赛,增益,过中央高地,英雄,32,14,7,86,17,7,373,190,613,266,177.9,44
东北大学,全国赛,增益,飞坡,步兵3,20,15,8,78,18,8,254,154,613,266,177.6,33
东北大学,全国赛,增益,飞坡,步兵4,32,14,8,78,18,8,254,154,613,266,138.9,41
东北大学,全国赛,增益,飞坡,英雄,26,12,6,78,18,8,254,154,613,266,201.4,47
深圳大学,全国赛,增益,过中央高地,步兵3,15,9,5,75,13,6,373,190,613,266,33.6,11
深圳大学,全国赛,增益,过中央高地,步兵4,31,11,5,75,13,6,373,190,613,266,62.7,12
深圳大学,全国赛,增益,过中央高地,哨兵,13,7,5,75,13,6,373,190,613,266,136.9,10
深圳大学,全国赛,增益,过中央高地,英雄,16,8,5,75,13,6,373,190,613,266,184.3,147
北京理工大学,全国赛,增益,过中央高地,步兵3,13,7,4,64,12,5,373,190,613,266,11.9,8
北京理工大学,全国赛,增益,过中央高地,步兵4,30,12,5,64,12,5,373,190,613,266,46.7,8
北京理工大学,全国赛,增益,过中央高地,工程,16,12,5,64,12,5,373,190,613,266,82.1,74
北京理工大学,全国赛,增益,过中央高地,英雄,5,4,3,64,12,5,373,190,613,266,272.5,248
南方科技大学,复活赛,增益,过中央高地,步兵3,17,12,7,58,18,7,373,190,613,266,63.2,12
南方科技大学,复活赛,增益,过中央高地,步兵4,8,6,2,58,18,7,373,190,613,266,142.7,24
南方科技大学,复活赛,增益,过中央高地,工程,33,17,7,58,18,7,373,190,613,266,64.4,53
上海交通大学,全国赛,增益,飞坡,步兵3,22,10,5,51,11,5,254,154,613,266,163.2,66
上海交通大学,全国赛,增益,飞坡,步兵4,20,9,5,51,11,5,254,154,613,266,167.6,12
上海交通大学,全国赛,增益,飞坡,英雄,9,6,4,51,11,5,254,154,613,266,266.3,211
上海交通大学,全国赛,增益,台阶跨越,步兵3,2,2,1,43,11,5,430,230,613,266,174,132
上海交通大学,全国赛,增益,台阶跨越,步兵4,24,7,4,43,11,5,430,230,613,266,50.4,6
上海交通大学,全国赛,增益,台阶跨越,工程,8,2,1,43,11,5,430,230,613,266,56,42
上海交通大学,全国赛,增益,台阶跨越,哨兵,2,2,1,43,11,5,430,230,613,266,14,12
上海交通大学,全国赛,增益,台阶跨越,英雄,7,7,4,43,11,5,430,230,613,266,250.3,110
五邑大学,全国赛,增益,过中央高地,步兵3,32,13,6,43,15,7,373,190,613,266,55.2,7
五邑大学,全国赛,增益,过中央高地,工程,11,10,5,43,15,7,373,190,613,266,101.5,58
华东理工大学,全国赛,增益,台阶跨越,步兵3,6,5,4,41,12,6,430,230,613,266,205.6,51
华东理工大学,全国赛,增益,台阶跨越,步兵4,4,3,2,41,12,6,430,230,613,266,72,11
华东理工大学,全国赛,增益,台阶跨越,工程,21,7,3,41,12,6,430,230,613,266,38.7,21
华东理工大学,全国赛,增益,台阶跨越,英雄,10,7,5,41,12,6,430,230,613,266,201.1,49
华南农业大学,全国赛,增益,过中央高地,步兵4,30,14,7,40,14,7,373,190,613,266,60.1,9
华南农业大学,全国赛,增益,过中央高地,英雄,10,7,4,40,14,7,373,190,613,266,178.6,152
东北大学,全国赛,增益,台阶跨越,步兵3,10,8,7,38,17,8,430,230,613,266,73.8,14
东北大学,全国赛,增益,台阶跨越,步兵4,6,4,4,38,17,8,430,230,613,266,199.8,26
东北大学,全国赛,增益,台阶跨越,英雄,22,14,8,38,17,8,430,230,613,266,137.8,37
应急管理大学,复活赛,增益,过中央高地,步兵3,10,7,5,38,14,7,373,190,613,266,13.4,7
应急管理大学,复活赛,增益,过中央高地,工程,28,14,7,38,14,7,373,190,613,266,99.4,35
武汉工程大学,全国赛,增益,过中央高地,步兵3,9,7,6,37,16,8,373,190,613,266,83.6,10
武汉工程大学,全国赛,增益,过中央高地,工程,28,15,7,37,16,8,373,190,613,266,53.9,38
华南理工大学,全国赛,增益,台阶跨越,步兵3,6,5,4,34,14,7,430,230,613,266,220.6,64
华南理工大学,全国赛,增益,台阶跨越,步兵4,4,2,1,34,14,7,430,230,613,266,133.5,73
华南理工大学,全国赛,增益,台阶跨越,工程,23,14,7,34,14,7,430,230,613,266,66.6,40
华南理工大学,全国赛,增益,台阶跨越,英雄,1,1,1,34,14,7,430,230,613,266,213,213
山东理工大学,复活赛,增益,过中央高地,步兵4,23,14,6,34,15,7,373,190,613,266,18.5,9
山东理工大学,复活赛,增益,过中央高地,工程,8,7,5,34,15,7,373,190,613,266,205,81
山东理工大学,复活赛,增益,过中央高地,英雄,3,2,1,34,15,7,373,190,613,266,29.5,16
同济大学,全国赛,增益,台阶跨越,步兵3,30,10,5,34,10,5,430,230,613,266,83.6,19
同济大学,全国赛,增益,台阶跨越,步兵4,4,3,2,34,10,5,430,230,613,266,159,48
香港科技大学,分区赛队伍,增益,过中央高地,步兵3,13,10,7,34,14,7,373,190,613,266,133.8,37
香港科技大学,分区赛队伍,增益,过中央高地,步兵4,11,11,6,34,14,7,373,190,613,266,63.9,8
香港科技大学,分区赛队伍,增益,过中央高地,工程,5,5,3,34,14,7,373,190,613,266,144.6,71
香港科技大学,分区赛队伍,增益,过中央高地,英雄,5,4,3,34,14,7,373,190,613,266,158.8,74
南京航空航天大学金城学院,复活赛,增益,飞坡,步兵3,1,1,1,33,12,6,254,154,613,266,314,314
南京航空航天大学金城学院,复活赛,增益,飞坡,步兵4,14,9,6,33,12,6,254,154,613,266,238,105
南京航空航天大学金城学院,复活赛,增益,飞坡,英雄,18,9,6,33,12,6,254,154,613,266,169.6,51
西安交通大学,全国赛,增益,飞坡,步兵3,11,7,5,33,11,5,254,154,613,266,140,27
西安交通大学,全国赛,增益,飞坡,步兵4,22,9,5,33,11,5,254,154,613,266,108.3,40
广州城市理工学院,全国赛,增益,台阶跨越,步兵4,1,1,1,32,16,8,430,230,613,266,389,389
广州城市理工学院,全国赛,增益,台阶跨越,工程,31,16,8,32,16,8,430,230,613,266,48.4,30
仲恺农业工程学院,全国赛,增益,过中央高地,步兵3,14,9,5,32,11,5,373,190,613,266,153,41
仲恺农业工程学院,全国赛,增益,过中央高地,步兵4,9,6,4,32,11,5,373,190,613,266,150.7,40
仲恺农业工程学院,全国赛,增益,过中央高地,英雄,9,6,4,32,11,5,373,190,613,266,99.2,11
复旦大学,全国赛,增益,过中央高地,步兵3,27,15,7,31,16,7,373,190,613,266,74.8,7
复旦大学,全国赛,增益,过中央高地,工程,1,1,1,31,16,7,373,190,613,266,248,248
复旦大学,全国赛,增益,过中央高地,英雄,3,2,2,31,16,7,373,190,613,266,125,19
东莞理工学院,全国赛,能量机关,大能量机关,全队,30,14,6,30,14,6,105,64,613,266,280.4,184
南昌大学,分区赛队伍,增益,过中央高地,步兵3,21,9,5,30,11,5,373,190,613,266,29.2,12
南昌大学,分区赛队伍,增益,过中央高地,英雄,9,6,3,30,11,5,373,190,613,266,213.2,25
上海交通大学,全国赛,增益,过中央高地,步兵3,16,9,5,30,10,5,373,190,613,266,99.8,20
上海交通大学,全国赛,增益,过中央高地,步兵4,9,5,4,30,10,5,373,190,613,266,123,17
上海交通大学,全国赛,增益,过中央高地,哨兵,1,1,1,30,10,5,373,190,613,266,252,252
上海交通大学,全国赛,增益,过中央高地,英雄,4,4,3,30,10,5,373,190,613,266,229,151
东莞理工学院,全国赛,能量机关,小能量机关,全队,29,17,7,29,17,7,228,122,613,266,59,8
成都大学,分区赛队伍,增益,台阶跨越,步兵3,4,4,4,28,9,4,430,230,613,266,106.3,11
成都大学,分区赛队伍,增益,台阶跨越,步兵4,14,7,4,28,9,4,430,230,613,266,21.9,8
成都大学,分区赛队伍,增益,台阶跨越,工程,6,6,4,28,9,4,430,230,613,266,176.8,114
成都大学,分区赛队伍,增益,台阶跨越,英雄,4,3,2,28,9,4,430,230,613,266,262.7,116
东莞理工学院,全国赛,增益,过中央高地,步兵4,1,1,1,28,17,9,373,190,613,266,405,405
东莞理工学院,全国赛,增益,过中央高地,工程,27,17,9,28,17,9,373,190,613,266,73.7,30
广东工业大学,复活赛,增益,台阶跨越,工程,28,19,8,28,19,8,430,230,613,266,88.6,53
南华大学,复活赛,增益,台阶跨越,工程,24,16,8,28,16,8,430,230,613,266,66.9,30
南华大学,复活赛,增益,台阶跨越,英雄,4,3,3,28,16,8,430,230,613,266,258,140
西安交通大学,全国赛,增益,过中央高地,步兵3,10,8,4,28,10,5,373,190,613,266,122.8,22
西安交通大学,全国赛,增益,过中央高地,步兵4,7,4,3,28,10,5,373,190,613,266,29,10
西安交通大学,全国赛,增益,过中央高地,工程,3,3,2,28,10,5,373,190,613,266,287.7,257
西安交通大学,全国赛,增益,过中央高地,英雄,8,5,4,28,10,5,373,190,613,266,101.2,12
香港科技大学,分区赛队伍,增益,飞坡,步兵3,7,5,3,28,10,7,254,154,613,266,217.6,123
香港科技大学,分区赛队伍,增益,飞坡,步兵4,18,10,7,28,10,7,254,154,613,266,130.1,35
香港科技大学,分区赛队伍,增益,飞坡,英雄,3,2,1,28,10,7,254,154,613,266,311,298
中国石油大学（华东）,全国赛,增益,台阶跨越,步兵3,21,12,6,28,13,7,430,230,613,266,110.3,11
中国石油大学（华东）,全国赛,增益,台阶跨越,步兵4,2,2,2,28,13,7,430,230,613,266,78.5,41
中国石油大学（华东）,全国赛,增益,台阶跨越,英雄,5,5,4,28,13,7,430,230,613,266,219.8,65
河北科技大学,分区赛队伍,增益,台阶跨越,步兵3,7,4,3,27,9,5,430,230,613,266,147.5,30
河北科技大学,分区赛队伍,增益,台阶跨越,步兵4,11,9,5,27,9,5,430,230,613,266,125.2,11
河北科技大学,分区赛队伍,增益,台阶跨越,英雄,9,6,3,27,9,5,430,230,613,266,202.3,9
山东科技大学,全国赛,增益,台阶跨越,步兵3,9,6,4,26,9,6,430,230,613,266,110.2,7
山东科技大学,全国赛,增益,台阶跨越,步兵4,17,9,6,26,9,6,430,230,613,266,160.7,6
西安电子科技大学,复活赛,能量机关,大能量机关,全队,26,9,6,26,9,6,105,64,613,266,258.1,188
浙江大学,全国赛,能量机关,小能量机关,全队,26,15,7,26,15,7,228,122,613,266,53.1,6
中国石油大学（华东）,全国赛,增益,过中央高地,步兵3,2,2,2,26,11,7,373,190,613,266,168.5,86
中国石油大学（华东）,全国赛,增益,过中央高地,步兵4,4,3,3,26,11,7,373,190,613,266,17.3,8
中国石油大学（华东）,全国赛,增益,过中央高地,英雄,20,8,6,26,11,7,373,190,613,266,84.8,10
东南大学,分区赛队伍,增益,飞坡,步兵4,25,9,5,25,9,5,254,154,613,266,123.7,14
中国石油大学（华东）,全国赛,能量机关,小能量机关,全队,25,15,7,25,15,7,228,122,613,266,76.2,10
东北大学,全国赛,能量机关,小能量机关,全队,23,17,8,23,17,8,228,122,613,266,54.8,6
江南大学霞客湾校区,复活赛,增益,过中央高地,步兵3,12,9,6,23,14,7,373,190,613,266,87.7,10
江南大学霞客湾校区,复活赛,增益,过中央高地,步兵4,4,1,1,23,14,7,373,190,613,266,13,13
江南大学霞客湾校区,复活赛,增益,过中央高地,工程,7,7,4,23,14,7,373,190,613,266,88.7,34
南京航空航天大学金城学院,复活赛,增益,过中央高地,步兵3,3,3,2,23,10,5,373,190,613,266,346,320
南京航空航天大学金城学院,复活赛,增益,过中央高地,步兵4,6,5,4,23,10,5,373,190,613,266,57,8
南京航空航天大学金城学院,复活赛,增益,过中央高地,英雄,14,7,5,23,10,5,373,190,613,266,119.3,34
上海交通大学,全国赛,能量机关,大能量机关,全队,23,10,5,23,10,5,105,64,613,266,262.7,183
深圳技术大学,复活赛,增益,台阶跨越,步兵3,1,1,1,23,13,6,430,230,613,266,94,94
深圳技术大学,复活赛,增益,台阶跨越,工程,22,13,6,23,13,6,430,230,613,266,71.2,13
仲恺农业工程学院,全国赛,增益,飞坡,步兵3,7,7,4,23,11,5,254,154,613,266,241.4,159
仲恺农业工程学院,全国赛,增益,飞坡,步兵4,16,9,4,23,11,5,254,154,613,266,211.9,74
华中科技大学,复活赛,增益,过中央高地,工程,22,14,6,22,14,6,373,190,613,266,90.4,56
江南大学霞客湾校区,复活赛,增益,台阶跨越,步兵3,22,13,5,22,13,5,430,230,613,266,106.8,6
武汉工程大学,全国赛,增益,台阶跨越,步兵3,19,10,6,22,11,6,430,230,613,266,105.9,7
武汉工程大学,全国赛,增益,台阶跨越,工程,3,3,2,22,11,6,430,230,613,266,254.7,229
西安电子科技大学,复活赛,能量机关,小能量机关,全队,22,11,6,22,11,6,228,122,613,266,59.4,8
西交利物浦大学,分区赛队伍,增益,台阶跨越,步兵3,10,6,4,22,8,5,430,230,613,266,120.3,11
西交利物浦大学,分区赛队伍,增益,台阶跨越,步兵4,5,3,3,22,8,5,430,230,613,266,52,14
西交利物浦大学,分区赛队伍,增益,台阶跨越,工程,7,4,3,22,8,5,430,230,613,266,103,43
中国矿业大学,复活赛,增益,过中央高地,步兵4,22,10,6,22,10,6,373,190,613,266,67.7,8
北京理工大学,全国赛,增益,台阶跨越,步兵3,3,3,3,21,10,5,430,230,613,266,198.7,91
北京理工大学,全国赛,增益,台阶跨越,步兵4,9,7,4,21,10,5,430,230,613,266,139.3,59
北京理工大学,全国赛,增益,台阶跨越,工程,1,1,1,21,10,5,430,230,613,266,397,397
北京理工大学,全国赛,增益,台阶跨越,英雄,8,5,3,21,10,5,430,230,613,266,226,187
东北大学,全国赛,增益,过中央高地,步兵3,7,6,4,21,13,8,373,190,613,266,72.8,26
东北大学,全国赛,增益,过中央高地,步兵4,4,4,4,21,13,8,373,190,613,266,253.8,27
东北大学,全国赛,增益,过中央高地,英雄,10,8,7,21,13,8,373,190,613,266,168.1,32
华东理工大学,全国赛,增益,飞坡,步兵3,10,7,5,21,8,5,254,154,613,266,230.7,124
华东理工大学,全国赛,增益,飞坡,步兵4,8,5,3,21,8,5,254,154,613,266,170.6,92
华东理工大学,全国赛,增益,飞坡,英雄,3,2,2,21,8,5,254,154,613,266,363.5,333
西安交通大学,全国赛,增益,台阶跨越,步兵3,1,1,1,21,11,5,430,230,613,266,141,141
西安交通大学,全国赛,增益,台阶跨越,步兵4,2,2,2,21,11,5,430,230,613,266,164.5,157
西安交通大学,全国赛,增益,台阶跨越,工程,15,11,5,21,11,5,430,230,613,266,109.7,55
西安交通大学,全国赛,增益,台阶跨越,英雄,3,3,3,21,11,5,430,230,613,266,168,13
东北大学,全国赛,能量机关,大能量机关,全队,20,15,8,20,15,8,105,64,613,266,220.1,182
哈尔滨工业大学,全国赛,能量机关,小能量机关,全队,20,14,5,20,14,5,228,122,613,266,42.9,6
南方科技大学,复活赛,增益,台阶跨越,步兵3,6,5,4,20,9,6,430,230,613,266,257.6,157
南方科技大学,复活赛,增益,台阶跨越,步兵4,2,2,1,20,9,6,430,230,613,266,291,271
南方科技大学,复活赛,增益,台阶跨越,哨兵,12,8,5,20,9,6,430,230,613,266,81.1,9
南京航空航天大学金城学院,复活赛,增益,台阶跨越,步兵3,4,3,2,20,9,6,430,230,613,266,12.3,10
南京航空航天大学金城学院,复活赛,增益,台阶跨越,工程,6,4,2,20,9,6,430,230,613,266,230.8,115
南京航空航天大学金城学院,复活赛,增益,台阶跨越,英雄,10,7,6,20,9,6,430,230,613,266,131.4,47
浙江大学,全国赛,能量机关,大能量机关,全队,20,10,6,20,10,6,105,64,613,266,242.6,190
哈尔滨工业大学（深圳）,全国赛,能量机关,小能量机关,全队,19,13,6,19,13,6,228,122,613,266,51.7,10
华南理工大学,全国赛,增益,飞坡,步兵3,11,6,6,19,9,6,254,154,613,266,245.8,88
华南理工大学,全国赛,增益,飞坡,步兵4,7,5,3,19,9,6,254,154,613,266,326.6,156
华南理工大学,全国赛,增益,飞坡,空中,1,1,1,19,9,6,254,154,613,266,251,251
上海交通大学,全国赛,能量机关,小能量机关,全队,19,11,5,19,11,5,228,122,613,266,51.7,8
香港大学,分区赛队伍,增益,台阶跨越,步兵3,1,1,1,19,9,4,430,230,613,266,381,381
香港大学,分区赛队伍,增益,台阶跨越,步兵4,4,3,1,19,9,4,430,230,613,266,135.7,9
香港大学,分区赛队伍,增益,台阶跨越,工程,5,3,2,19,9,4,430,230,613,266,106.7,58
香港大学,分区赛队伍,增益,台阶跨越,英雄,9,7,4,19,9,4,430,230,613,266,224.4,90
中国石油大学（北京）,分区赛队伍,增益,台阶跨越,步兵3,12,6,3,19,7,4,430,230,613,266,128,12
中国石油大学（北京）,分区赛队伍,增益,台阶跨越,步兵4,3,2,1,19,7,4,430,230,613,266,218.5,48
中国石油大学（北京）,分区赛队伍,增益,台阶跨越,英雄,4,2,2,19,7,4,430,230,613,266,299,223
安徽信息工程学院,分区赛队伍,增益,台阶跨越,工程,18,11,5,18,11,5,430,230,613,266,93.1,52
广州城市理工学院,全国赛,能量机关,小能量机关,全队,18,14,8,18,14,8,228,122,613,266,51.6,8
哈尔滨工业大学（深圳）,全国赛,能量机关,大能量机关,全队,18,8,5,18,8,5,105,64,613,266,250.6,187
同济大学,全国赛,能量机关,大能量机关,全队,18,9,5,18,9,5,105,64,613,266,266.2,186
同济大学,全国赛,增益,飞坡,步兵3,12,8,5,18,9,5,254,154,613,266,262.5,72
同济大学,全国赛,增益,飞坡,步兵4,6,5,3,18,9,5,254,154,613,266,185.6,89
同济大学,全国赛,增益,过中央高地,步兵3,7,6,4,18,8,5,373,190,613,266,123.7,40
同济大学,全国赛,增益,过中央高地,步兵4,11,7,5,18,8,5,373,190,613,266,100,23
哈尔滨工业大学,全国赛,增益,过中央高地,步兵3,6,5,4,17,10,4,373,190,613,266,92.4,10
哈尔滨工业大学,全国赛,增益,过中央高地,步兵4,11,8,4,17,10,4,373,190,613,266,190.6,99
合肥工业大学（宣城校区）,全国赛,增益,过中央高地,工程,10,7,7,17,9,7,373,190,613,266,64.6,49
合肥工业大学（宣城校区）,全国赛,增益,过中央高地,英雄,7,7,5,17,9,7,373,190,613,266,337.4,256
同济大学,全国赛,能量机关,小能量机关,全队,17,10,5,17,10,5,228,122,613,266,55.8,7
常州大学,分区赛队伍,增益,台阶跨越,步兵3,9,5,4,16,6,4,430,230,613,266,179.2,70
常州大学,分区赛队伍,增益,台阶跨越,工程,6,4,2,16,6,4,430,230,613,266,98,58
常州大学,分区赛队伍,增益,台阶跨越,英雄,1,1,1,16,6,4,430,230,613,266,185,185
复旦大学,全国赛,增益,台阶跨越,步兵3,15,8,5,16,8,5,430,230,613,266,139.4,7
复旦大学,全国赛,增益,台阶跨越,英雄,1,1,1,16,8,5,430,230,613,266,301,301
桂林电子科技大学,复活赛,增益,台阶跨越,工程,16,11,7,16,11,7,430,230,613,266,135.6,33
哈尔滨工业大学（威海）,全国赛,增益,过中央高地,步兵3,16,10,7,16,10,7,373,190,613,266,71.5,7
华南农业大学,全国赛,增益,飞坡,步兵3,3,3,2,16,11,7,254,154,613,266,226.3,87
华南农业大学,全国赛,增益,飞坡,步兵4,13,9,6,16,11,7,254,154,613,266,244.8,136
华南农业大学,全国赛,增益,台阶跨越,步兵4,13,7,5,16,9,6,430,230,613,266,158.3,8
华南农业大学,全国赛,增益,台阶跨越,英雄,3,3,3,16,9,6,430,230,613,266,362.3,354
山东科技大学,全国赛,能量机关,小能量机关,全队,16,11,6,16,11,6,228,122,613,266,44.8,11
山东科技大学,全国赛,增益,过中央高地,步兵3,10,7,4,16,8,4,373,190,613,266,156.6,8
山东科技大学,全国赛,增益,过中央高地,步兵4,6,5,3,16,8,4,373,190,613,266,39,12
山东理工大学,复活赛,增益,台阶跨越,步兵4,6,5,3,16,10,6,430,230,613,266,66.2,14
山东理工大学,复活赛,增益,台阶跨越,工程,1,1,1,16,10,6,430,230,613,266,342,342
山东理工大学,复活赛,增益,台阶跨越,英雄,9,5,3,16,10,6,430,230,613,266,162,24
五邑大学,全国赛,能量机关,小能量机关,全队,16,10,6,16,10,6,228,122,613,266,54.4,8
东莞理工学院,全国赛,增益,台阶跨越,步兵4,12,9,6,15,9,6,430,230,613,266,139,12
东莞理工学院,全国赛,增益,台阶跨越,工程,2,2,2,15,9,6,430,230,613,266,273.5,205
东莞理工学院,全国赛,增益,台阶跨越,哨兵,1,1,1,15,9,6,430,230,613,266,13,13
广州城市理工学院,全国赛,增益,飞坡,步兵3,3,3,3,15,9,6,254,154,613,266,243.3,129
广州城市理工学院,全国赛,增益,飞坡,步兵4,12,8,6,15,9,6,254,154,613,266,281.3,84
华东理工大学,全国赛,增益,过中央高地,步兵3,9,7,4,15,7,4,373,190,613,266,200.3,99
华东理工大学,全国赛,增益,过中央高地,英雄,6,4,2,15,7,4,373,190,613,266,209.3,84
浙江大学,全国赛,增益,台阶跨越,步兵3,4,4,3,15,11,7,430,230,613,266,237.5,20
浙江大学,全国赛,增益,台阶跨越,步兵4,7,6,6,15,11,7,430,230,613,266,143.5,8
浙江大学,全国赛,增益,台阶跨越,哨兵,1,1,1,15,11,7,430,230,613,266,84,84
浙江大学,全国赛,增益,台阶跨越,英雄,3,2,1,15,11,7,430,230,613,266,229,137
北京理工大学（珠海）,全国赛,增益,台阶跨越,步兵3,10,6,4,14,7,4,430,230,613,266,119.7,13
北京理工大学（珠海）,全国赛,增益,台阶跨越,英雄,4,3,2,14,7,4,430,230,613,266,296.7,254
浙江大学,全国赛,增益,过中央高地,步兵3,2,1,1,14,10,6,373,190,613,266,61,61
浙江大学,全国赛,增益,过中央高地,步兵4,6,5,4,14,10,6,373,190,613,266,187.8,101
浙江大学,全国赛,增益,过中央高地,工程,5,5,3,14,10,6,373,190,613,266,133.2,65
浙江大学,全国赛,增益,过中央高地,哨兵,1,1,1,14,10,6,373,190,613,266,18,18
仲恺农业工程学院,全国赛,增益,台阶跨越,步兵3,5,5,3,14,8,4,430,230,613,266,183.8,42
仲恺农业工程学院,全国赛,增益,台阶跨越,步兵4,3,2,2,14,8,4,430,230,613,266,167.5,78
仲恺农业工程学院,全国赛,增益,台阶跨越,英雄,6,5,3,14,8,4,430,230,613,266,193.4,109
华东理工大学,全国赛,能量机关,小能量机关,全队,13,11,6,13,11,6,228,122,613,266,45.8,10
山东理工大学,复活赛,增益,飞坡,步兵4,12,9,6,13,10,6,254,154,613,266,197.1,29
山东理工大学,复活赛,增益,飞坡,英雄,1,1,1,13,10,6,254,154,613,266,417,417
香港大学,分区赛队伍,增益,过中央高地,步兵3,12,7,4,13,7,4,373,190,613,266,214.7,25
香港大学,分区赛队伍,增益,过中央高地,步兵4,1,1,1,13,7,4,373,190,613,266,186,186
大连理工大学,全国赛,增益,过中央高地,工程,12,9,6,12,9,6,373,190,613,266,132.3,53
复旦大学,全国赛,增益,飞坡,步兵3,12,6,3,12,6,3,254,154,613,266,74.2,14
哈尔滨工业大学,全国赛,增益,飞坡,步兵3,6,6,4,12,9,5,254,154,613,266,260.7,144
哈尔滨工业大学,全国赛,增益,飞坡,步兵4,3,3,3,12,9,5,254,154,613,266,346,280
哈尔滨工业大学,全国赛,增益,飞坡,英雄,3,2,2,12,9,5,254,154,613,266,220.5,210
哈尔滨工业大学,全国赛,增益,台阶跨越,步兵3,3,1,1,12,5,3,430,230,613,266,9,9
哈尔滨工业大学,全国赛,增益,台阶跨越,步兵4,1,1,1,12,5,3,430,230,613,266,30,30
哈尔滨工业大学,全国赛,增益,台阶跨越,英雄,8,5,3,12,5,3,430,230,613,266,74.4,12
华南理工大学,全国赛,能量机关,小能量机关,全队,12,11,6,12,11,6,228,122,613,266,45.9,11
深圳大学,全国赛,能量机关,小能量机关,全队,12,9,5,12,9,5,228,122,613,266,46.7,8
东南大学,分区赛队伍,增益,过中央高地,步兵3,8,5,3,11,7,5,373,190,613,266,56.4,12
东南大学,分区赛队伍,增益,过中央高地,步兵4,3,2,2,11,7,5,373,190,613,266,9.5,9
桂林电子科技大学,复活赛,能量机关,小能量机关,全队,11,10,6,11,10,6,228,122,613,266,25.5,12
桂林电子科技大学,复活赛,增益,飞坡,步兵3,11,10,6,11,10,6,254,154,613,266,323.2,164
哈尔滨工业大学（威海）,全国赛,能量机关,小能量机关,全队,11,9,5,11,9,5,228,122,613,266,45,14
华南农业大学,全国赛,能量机关,小能量机关,全队,11,10,5,11,10,5,228,122,613,266,25.8,11
五邑大学,全国赛,增益,飞坡,步兵3,11,9,7,11,9,7,254,154,613,266,210.9,83
西北工业大学,全国赛,增益,台阶跨越,步兵3,8,8,5,11,9,5,430,230,613,266,79.9,9
西北工业大学,全国赛,增益,台阶跨越,步兵4,3,1,1,11,9,5,430,230,613,266,85,85
中国科学技术大学,复活赛,增益,台阶跨越,工程,5,3,2,11,6,4,430,230,613,266,39.3,30
中国科学技术大学,复活赛,增益,台阶跨越,英雄,6,5,4,11,6,4,430,230,613,266,174.4,20
中国石油大学（北京）,分区赛队伍,增益,过中央高地,步兵3,9,3,2,11,3,2,373,190,613,266,151.7,14
中国石油大学（北京）,分区赛队伍,增益,过中央高地,步兵4,1,1,1,11,3,2,373,190,613,266,139,139
中国石油大学（北京）,分区赛队伍,增益,过中央高地,英雄,1,1,1,11,3,2,373,190,613,266,386,386
电子科技大学中山学院,全国赛,增益,台阶跨越,步兵4,10,6,5,10,6,5,430,230,613,266,191.7,21
东莞理工学院,全国赛,增益,飞坡,步兵3,4,4,1,10,6,3,254,154,613,266,389.5,336
东莞理工学院,全国赛,增益,飞坡,步兵4,6,6,3,10,6,3,254,154,613,266,309,220
福建理工大学,分区赛队伍,增益,台阶跨越,步兵4,10,4,2,10,4,2,430,230,613,266,11.5,8
华中科技大学,复活赛,增益,台阶跨越,步兵3,2,2,2,10,5,3,430,230,613,266,29,14
华中科技大学,复活赛,增益,台阶跨越,步兵4,8,5,3,10,5,3,430,230,613,266,54.6,7
西北工业大学,全国赛,增益,过中央高地,步兵3,10,10,7,10,10,7,373,190,613,266,190.9,10
广东工业大学,复活赛,能量机关,小能量机关,全队,9,8,5,9,8,5,228,122,613,266,41.3,10
合肥工业大学,分区赛队伍,增益,过中央高地,工程,1,1,1,9,5,3,373,190,613,266,386,386
合肥工业大学,分区赛队伍,增益,过中央高地,英雄,8,5,3,9,5,3,373,190,613,266,233.8,89
合肥工业大学,分区赛队伍,增益,台阶跨越,步兵4,2,2,2,9,6,3,430,230,613,266,276.5,255
合肥工业大学,分区赛队伍,增益,台阶跨越,工程,6,6,3,9,6,3,430,230,613,266,112.5,65
合肥工业大学,分区赛队伍,增益,台阶跨越,英雄,1,1,1,9,6,3,430,230,613,266,265,265
华北理工大学,分区赛队伍,能量机关,小能量机关,全队,9,7,5,9,7,5,228,122,613,266,51.4,10
上海大学,分区赛队伍,增益,台阶跨越,工程,6,5,4,9,7,4,430,230,613,266,82,61
上海大学,分区赛队伍,增益,台阶跨越,英雄,3,3,1,9,7,4,430,230,613,266,189,176
深圳大学,全国赛,增益,台阶跨越,步兵3,1,1,1,9,7,4,430,230,613,266,187,187
深圳大学,全国赛,增益,台阶跨越,工程,6,5,3,9,7,4,430,230,613,266,114.4,50
深圳大学,全国赛,增益,台阶跨越,英雄,2,2,1,9,7,4,430,230,613,266,90,61
四川大学,分区赛队伍,增益,台阶跨越,步兵3,8,7,4,9,7,4,430,230,613,266,134.9,20
四川大学,分区赛队伍,增益,台阶跨越,英雄,1,1,1,9,7,4,430,230,613,266,169,169
中国石油大学（北京）,分区赛队伍,增益,飞坡,步兵3,4,3,3,9,5,3,254,154,613,266,293.7,257
中国石油大学（北京）,分区赛队伍,增益,飞坡,英雄,5,3,3,9,5,3,254,154,613,266,341.3,230
中国石油大学（华东）,全国赛,能量机关,大能量机关,全队,9,7,5,9,7,5,105,64,613,266,288.3,204
北京理工大学,全国赛,增益,飞坡,步兵3,3,3,3,8,7,5,254,154,613,266,307.3,254
北京理工大学,全国赛,增益,飞坡,步兵4,5,5,3,8,7,5,254,154,613,266,214.2,153
华南师范大学,分区赛队伍,增益,过中央高地,步兵4,8,5,3,8,5,3,373,190,613,266,55.6,11
深圳大学,全国赛,能量机关,大能量机关,全队,8,7,5,8,7,5,105,64,613,266,257.1,195
武汉工程大学,全国赛,增益,飞坡,步兵3,8,6,5,8,6,5,254,154,613,266,301.2,102
西安电子科技大学,复活赛,增益,飞坡,步兵3,6,6,5,8,7,6,254,154,613,266,283.8,173
西安电子科技大学,复活赛,增益,飞坡,步兵4,2,2,2,8,7,6,254,154,613,266,288.5,166
香港科技大学,分区赛队伍,能量机关,小能量机关,全队,8,7,6,8,7,6,228,122,613,266,50,15
中国矿业大学,复活赛,增益,台阶跨越,步兵3,2,2,2,8,5,3,430,230,613,266,145.5,28
中国矿业大学,复活赛,增益,台阶跨越,步兵4,4,3,3,8,5,3,430,230,613,266,144,9
中国矿业大学,复活赛,增益,台阶跨越,工程,2,2,2,8,5,3,430,230,613,266,171.5,101
电子科技大学中山学院,全国赛,增益,过中央高地,步兵4,7,6,4,7,6,4,373,190,613,266,14.5,13
哈尔滨工业大学（威海）,全国赛,增益,飞坡,步兵3,7,6,5,7,6,5,254,154,613,266,206.5,28
华南师范大学,分区赛队伍,增益,台阶跨越,步兵3,1,1,1,7,5,3,430,230,613,266,23,23
华南师范大学,分区赛队伍,增益,台阶跨越,步兵4,6,4,3,7,5,3,430,230,613,266,187.8,41
南京理工大学江阴校区,分区赛队伍,增益,过中央高地,工程,7,5,3,7,5,3,373,190,613,266,72.6,32
上海工程技术大学,分区赛队伍,增益,台阶跨越,步兵4,7,3,3,7,3,3,430,230,613,266,132,14
五邑大学,全国赛,增益,台阶跨越,步兵3,1,1,1,7,7,4,430,230,613,266,382,382
五邑大学,全国赛,增益,台阶跨越,工程,6,6,4,7,7,4,430,230,613,266,153.3,65
西安交通大学,全国赛,能量机关,小能量机关,全队,7,6,3,7,6,3,228,122,613,266,25.9,8
香港科技大学,分区赛队伍,增益,台阶跨越,步兵4,6,5,4,7,5,4,430,230,613,266,136.2,54
香港科技大学,分区赛队伍,增益,台阶跨越,工程,1,1,1,7,5,4,430,230,613,266,373,373
香港科技大学（广州）,分区赛队伍,增益,台阶跨越,步兵3,3,2,2,7,5,3,430,230,613,266,172.5,24
香港科技大学（广州）,分区赛队伍,增益,台阶跨越,步兵4,4,4,3,7,5,3,430,230,613,266,130.8,31
北京理工大学,全国赛,能量机关,小能量机关,全队,6,4,2,6,4,2,228,122,613,266,50,8
哈尔滨工业大学（威海）,全国赛,增益,台阶跨越,步兵3,5,4,3,6,5,4,430,230,613,266,224,151
哈尔滨工业大学（威海）,全国赛,增益,台阶跨越,英雄,1,1,1,6,5,4,430,230,613,266,358,358
合肥工业大学（宣城校区）,全国赛,增益,飞坡,步兵3,6,4,4,6,4,4,254,154,613,266,118.8,14
合肥工业大学（宣城校区）,全国赛,增益,台阶跨越,英雄,6,4,3,6,4,3,430,230,613,266,226.8,119
江南大学霞客湾校区,复活赛,增益,飞坡,步兵3,6,6,4,6,6,4,254,154,613,266,240.3,86
武汉科技大学,分区赛队伍,增益,台阶跨越,工程,6,5,4,6,5,4,430,230,613,266,85.4,25
中国矿业大学,复活赛,能量机关,小能量机关,全队,6,5,4,6,5,4,228,122,613,266,35.2,11
中国矿业大学,复活赛,增益,飞坡,步兵3,2,2,2,6,6,5,254,154,613,266,278,231
中国矿业大学,复活赛,增益,飞坡,步兵4,4,4,4,6,6,5,254,154,613,266,307.8,252
常州大学,分区赛队伍,增益,过中央高地,步兵3,4,4,2,5,5,3,373,190,613,266,71.3,13
常州大学,分区赛队伍,增益,过中央高地,工程,1,1,1,5,5,3,373,190,613,266,67,67
大连理工大学,全国赛,增益,台阶跨越,步兵4,3,2,1,5,4,3,430,230,613,266,84.5,33
大连理工大学,全国赛,增益,台阶跨越,工程,2,2,2,5,4,3,430,230,613,266,293,216
华东理工大学,全国赛,能量机关,大能量机关,全队,5,3,2,5,3,2,105,64,613,266,256.4,187
江苏大学,分区赛队伍,增益,台阶跨越,步兵4,5,4,3,5,4,3,430,230,613,266,128.3,13
辽宁石油化工大学,分区赛队伍,增益,台阶跨越,步兵3,2,2,2,5,4,3,430,230,613,266,147,8
辽宁石油化工大学,分区赛队伍,增益,台阶跨越,工程,3,3,2,5,4,3,430,230,613,266,88.3,48
南昌大学,分区赛队伍,增益,台阶跨越,步兵3,5,3,2,5,3,2,430,230,613,266,98.3,19
天津大学,分区赛队伍,增益,台阶跨越,步兵3,4,4,3,5,5,3,430,230,613,266,234,57
天津大学,分区赛队伍,增益,台阶跨越,工程,1,1,1,5,5,3,430,230,613,266,121,121
五邑大学,全国赛,能量机关,大能量机关,全队,5,4,4,5,4,4,105,64,613,266,308.6,238
香港科技大学（广州）,分区赛队伍,增益,飞坡,步兵3,5,5,3,5,5,3,254,154,613,266,285.4,235
浙江大学,全国赛,增益,飞坡,步兵4,5,4,4,5,4,4,254,154,613,266,290.5,128
北京理工大学（珠海）,全国赛,增益,过中央高地,步兵4,4,3,2,4,3,2,373,190,613,266,176.3,20
北京信息科技大学,分区赛队伍,增益,台阶跨越,英雄,4,4,3,4,4,3,430,230,613,266,331.3,302
常州大学,分区赛队伍,能量机关,小能量机关,全队,4,3,3,4,3,3,228,122,613,266,112.5,19
成都大学,分区赛队伍,增益,过中央高地,步兵3,2,2,2,4,4,3,373,190,613,266,179.5,168
成都大学,分区赛队伍,增益,过中央高地,步兵4,1,1,1,4,4,3,373,190,613,266,32,32
成都大学,分区赛队伍,增益,过中央高地,英雄,1,1,1,4,4,3,373,190,613,266,281,281
东北大学秦皇岛分校,分区赛队伍,增益,台阶跨越,工程,4,4,2,4,4,2,430,230,613,266,87,69
广州航海学院,分区赛队伍,增益,台阶跨越,工程,4,2,2,4,2,2,430,230,613,266,165,138
桂林电子科技大学,复活赛,增益,过中央高地,步兵3,4,3,3,4,3,3,373,190,613,266,115.7,25
哈尔滨工业大学（威海）,全国赛,能量机关,大能量机关,全队,4,4,3,4,4,3,105,64,613,266,250,207
南昌大学,分区赛队伍,增益,飞坡,步兵3,2,2,1,4,4,2,254,154,613,266,341,331
南昌大学,分区赛队伍,增益,飞坡,步兵4,2,2,1,4,4,2,254,154,613,266,88.5,81
南京理工大学,全国赛,增益,台阶跨越,工程,1,1,1,4,4,3,430,230,613,266,69,69
南京理工大学,全国赛,增益,台阶跨越,英雄,3,3,2,4,4,3,430,230,613,266,131,10
南京理工大学江阴校区,分区赛队伍,增益,台阶跨越,步兵4,3,3,2,4,3,2,430,230,613,266,167.7,41
南京理工大学江阴校区,分区赛队伍,增益,台阶跨越,工程,1,1,1,4,3,2,430,230,613,266,320,320
太原理工大学,分区赛队伍,增益,台阶跨越,工程,4,3,3,4,3,3,430,230,613,266,149.7,98
武汉大学,分区赛队伍,增益,台阶跨越,步兵4,4,3,2,4,3,2,430,230,613,266,200.7,144
西安电子科技大学,复活赛,增益,台阶跨越,步兵4,4,2,2,4,2,2,430,230,613,266,139.5,88
中南大学,分区赛队伍,增益,台阶跨越,步兵3,4,4,2,4,4,2,430,230,613,266,155,136
重庆理工大学,分区赛队伍,增益,台阶跨越,英雄,3,2,2,3,2,2,430,230,613,266,341.5,327
哈尔滨工业大学（深圳）,全国赛,增益,飞坡,步兵3,3,3,3,3,3,3,254,154,613,266,242,100
杭州电子科技大学,分区赛队伍,增益,台阶跨越,工程,3,3,2,3,3,2,430,230,613,266,114,93
合肥工业大学,分区赛队伍,能量机关,小能量机关,全队,3,3,1,3,3,1,228,122,613,266,39.3,29
华中科技大学,复活赛,增益,飞坡,步兵4,3,3,3,3,3,3,254,154,613,266,290,209
吉林大学,分区赛队伍,能量机关,小能量机关,全队,3,3,2,3,3,2,228,122,613,266,41,8
青岛大学,分区赛队伍,增益,飞坡,步兵3,3,3,3,3,3,3,254,154,613,266,339.7,290
山东科技大学,全国赛,能量机关,大能量机关,全队,3,3,2,3,3,2,105,64,613,266,215.7,187
山东科技大学,全国赛,增益,飞坡,步兵3,1,1,1,3,2,2,254,154,613,266,65,65
山东科技大学,全国赛,增益,飞坡,步兵4,2,2,2,3,2,2,254,154,613,266,400,396
西北工业大学,全国赛,能量机关,小能量机关,全队,3,3,3,3,3,3,228,122,613,266,71,20
香港科技大学（广州）,分区赛队伍,增益,过中央高地,步兵3,3,3,3,3,3,3,373,190,613,266,101,15
应急管理大学,复活赛,增益,台阶跨越,工程,3,3,2,3,3,2,430,230,613,266,279,95
广西大学,分区赛队伍,增益,过中央高地,步兵3,2,2,1,2,2,1,373,190,613,266,175.5,110
桂林电子科技大学,复活赛,能量机关,大能量机关,全队,2,2,2,2,2,2,105,64,613,266,298,261
国防科技大学,分区赛队伍,增益,台阶跨越,步兵3,1,1,1,2,2,1,430,230,613,266,37,37
国防科技大学,分区赛队伍,增益,台阶跨越,步兵4,1,1,1,2,2,1,430,230,613,266,171,171
哈尔滨工程大学,分区赛队伍,增益,飞坡,步兵3,1,1,1,2,1,1,254,154,613,266,372,372
哈尔滨工程大学,分区赛队伍,增益,飞坡,步兵4,1,1,1,2,1,1,254,154,613,266,377,377
哈尔滨工程大学,分区赛队伍,增益,过中央高地,步兵3,2,2,2,2,2,2,373,190,613,266,39,36
哈尔滨工程大学,分区赛队伍,增益,台阶跨越,步兵3,1,1,1,2,2,2,430,230,613,266,301,301
哈尔滨工程大学,分区赛队伍,增益,台阶跨越,步兵4,1,1,1,2,2,2,430,230,613,266,365,365
哈尔滨工业大学（深圳）,全国赛,增益,过中央高地,步兵3,2,1,1,2,1,1,373,190,613,266,296,296
华南师范大学,分区赛队伍,增益,飞坡,步兵3,1,1,1,2,1,1,254,154,613,266,383,383
华南师范大学,分区赛队伍,增益,飞坡,步兵4,1,1,1,2,1,1,254,154,613,266,402,402
吉林大学,分区赛队伍,增益,台阶跨越,步兵3,2,1,1,2,1,1,430,230,613,266,97,97
江南大学霞客湾校区,复活赛,能量机关,小能量机关,全队,2,2,2,2,2,2,228,122,613,266,105,66
青岛大学,分区赛队伍,增益,过中央高地,步兵3,2,2,1,2,2,1,373,190,613,266,325.5,318
长安大学,全国赛,增益,台阶跨越,步兵4,2,1,1,2,1,1,430,230,613,266,14,14
中北大学,分区赛队伍,增益,台阶跨越,工程,2,2,2,2,2,2,430,230,613,266,108,79
中国科学技术大学,复活赛,增益,过中央高地,步兵3,2,2,1,2,2,1,373,190,613,266,342.5,287
常州大学,分区赛队伍,能量机关,大能量机关,全队,1,1,1,1,1,1,105,64,613,266,188,188
电子科技大学中山学院,全国赛,能量机关,小能量机关,全队,1,1,1,1,1,1,228,122,613,266,16,16
广东工业大学,复活赛,增益,飞坡,步兵4,1,1,1,1,1,1,254,154,613,266,252,252
广西大学,分区赛队伍,增益,台阶跨越,工程,1,1,1,1,1,1,430,230,613,266,144,144
广州城市理工学院,全国赛,增益,过中央高地,步兵4,1,1,1,1,1,1,373,190,613,266,188,188
桂林信息科技学院,分区赛队伍,能量机关,小能量机关,全队,1,1,1,1,1,1,228,122,613,266,19,19
哈尔滨工程大学,分区赛队伍,能量机关,小能量机关,全队,1,1,1,1,1,1,228,122,613,266,13,13
哈尔滨工业大学（深圳）,全国赛,增益,台阶跨越,步兵3,1,1,1,1,1,1,430,230,613,266,195,195
合肥工业大学,分区赛队伍,增益,飞坡,步兵4,1,1,1,1,1,1,254,154,613,266,318,318
华北理工大学,分区赛队伍,能量机关,大能量机关,全队,1,1,1,1,1,1,105,64,613,266,292,292
华北理工大学,分区赛队伍,增益,台阶跨越,工程,1,1,1,1,1,1,430,230,613,266,112,112
华南理工大学,全国赛,能量机关,大能量机关,全队,1,1,1,1,1,1,105,64,613,266,195,195
华南农业大学,全国赛,能量机关,大能量机关,全队,1,1,1,1,1,1,105,64,613,266,211,211
辽宁石油化工大学,分区赛队伍,增益,过中央高地,步兵3,1,1,1,1,1,1,373,190,613,266,280,280
南京理工大学,全国赛,能量机关,大能量机关,全队,1,1,1,1,1,1,105,64,613,266,270,270
南京理工大学,全国赛,能量机关,小能量机关,全队,1,1,1,1,1,1,228,122,613,266,133,133
青岛大学,分区赛队伍,增益,台阶跨越,步兵3,1,1,1,1,1,1,430,230,613,266,300,300
厦门大学,分区赛队伍,增益,台阶跨越,步兵4,1,1,1,1,1,1,430,230,613,266,16,16
厦门大学嘉庚学院,复活赛,增益,台阶跨越,英雄,1,1,1,1,1,1,430,230,613,266,240,240
上海工程技术大学,分区赛队伍,增益,过中央高地,步兵3,1,1,1,1,1,1,373,190,613,266,310,310
深圳大学,全国赛,增益,飞坡,步兵3,1,1,1,1,1,1,254,154,613,266,205,205
深圳技术大学,复活赛,增益,飞坡,步兵4,1,1,1,1,1,1,254,154,613,266,169,169
沈阳理工大学,复活赛,增益,飞坡,步兵4,1,1,1,1,1,1,254,154,613,266,12,12
沈阳理工大学,复活赛,增益,台阶跨越,步兵4,1,1,1,1,1,1,430,230,613,266,226,226
四川大学,分区赛队伍,能量机关,小能量机关,全队,1,1,1,1,1,1,228,122,613,266,30,30
四川大学,分区赛队伍,增益,飞坡,步兵4,1,1,1,1,1,1,254,154,613,266,88,88
四川大学,分区赛队伍,增益,过中央高地,步兵4,1,1,1,1,1,1,373,190,613,266,202,202
太原工业学院,分区赛队伍,能量机关,小能量机关,全队,1,1,1,1,1,1,228,122,613,266,21,21
太原工业学院,分区赛队伍,增益,飞坡,步兵4,1,1,1,1,1,1,254,154,613,266,43,43
太原工业学院,分区赛队伍,增益,过中央高地,工程,1,1,1,1,1,1,373,190,613,266,236,236
太原科技大学,复活赛,增益,台阶跨越,工程,1,1,1,1,1,1,430,230,613,266,261,261
武汉科技大学,分区赛队伍,增益,过中央高地,步兵3,1,1,1,1,1,1,373,190,613,266,174,174
西安电子科技大学,复活赛,增益,过中央高地,步兵4,1,1,1,1,1,1,373,190,613,266,10,10
西安交通大学,全国赛,能量机关,大能量机关,全队,1,1,1,1,1,1,105,64,613,266,381,381
西北工业大学,全国赛,能量机关,大能量机关,全队,1,1,1,1,1,1,105,64,613,266,194,194
西交利物浦大学,分区赛队伍,增益,飞坡,步兵4,1,1,1,1,1,1,254,154,613,266,142,142
西南交通大学,分区赛队伍,增益,台阶跨越,步兵4,1,1,1,1,1,1,430,230,613,266,10,10
香港大学,分区赛队伍,增益,飞坡,步兵3,1,1,1,1,1,1,254,154,613,266,116,116
中国科学技术大学,复活赛,能量机关,小能量机关,全队,1,1,1,1,1,1,228,122,613,266,23,23
中国科学技术大学,复活赛,增益,飞坡,步兵3,1,1,1,1,1,1,254,154,613,266,255,255
中南大学,分区赛队伍,能量机关,小能量机关,全队,1,1,1,1,1,1,228,122,613,266,24,24
中南大学,分区赛队伍,增益,飞坡,步兵3,1,1,1,1,1,1,254,154,613,266,331,331
中南大学,分区赛队伍,增益,过中央高地,步兵3,1,1,1,1,1,1,373,190,613,266,69,69
