学校名,机器人类型,区域,样本数,总样本,占比
上海交通大学,哨兵,中场-上路,36,972,0.037037037037037035
上海交通大学,哨兵,中场-下路,291,972,0.2993827160493827
上海交通大学,哨兵,中场-中路,33,972,0.033950617283950615
上海交通大学,哨兵,红侧-上路,39,972,0.040123456790123455
上海交通大学,哨兵,红侧-下路,299,972,0.30761316872427985
上海交通大学,哨兵,红侧-中路,271,972,0.2788065843621399
上海交通大学,哨兵,蓝侧-下路,1,972,0.00102880658436214
上海交通大学,哨兵,蓝侧-中路,2,972,0.00205761316872428
上海交通大学,工程,中场-上路,19,971,0.01956745623069001
上海交通大学,工程,中场-下路,42,971,0.04325437693099897
上海交通大学,工程,中场-中路,429,971,0.44181256436663235
上海交通大学,工程,红侧-下路,349,971,0.35942327497425336
上海交通大学,工程,红侧-中路,22,971,0.02265705458290422
上海交通大学,工程,蓝侧-上路,107,971,0.1101956745623069
上海交通大学,工程,蓝侧-中路,3,971,0.003089598352214212
上海交通大学,步兵3,中场-上路,285,958,0.2974947807933194
上海交通大学,步兵3,中场-下路,101,958,0.10542797494780794
上海交通大学,步兵3,中场-中路,175,958,0.1826722338204593
上海交通大学,步兵3,红侧-上路,41,958,0.04279749478079332
上海交通大学,步兵3,红侧-下路,48,958,0.05010438413361169
上海交通大学,步兵3,红侧-中路,77,958,0.08037578288100208
上海交通大学,步兵3,蓝侧-上路,50,958,0.05219206680584551
上海交通大学,步兵3,蓝侧-下路,39,958,0.0407098121085595
上海交通大学,步兵3,蓝侧-中路,142,958,0.14822546972860126
上海交通大学,步兵4,中场-上路,139,971,0.1431513903192585
上海交通大学,步兵4,中场-下路,227,971,0.23377960865087538
上海交通大学,步兵4,中场-中路,70,971,0.07209062821833162
上海交通大学,步兵4,红侧-上路,8,971,0.008238928939237899
上海交通大学,步兵4,红侧-下路,122,971,0.12564366632337795
上海交通大学,步兵4,红侧-中路,55,971,0.05664263645726056
上海交通大学,步兵4,蓝侧-上路,66,971,0.06797116374871266
上海交通大学,步兵4,蓝侧-下路,147,971,0.1513903192584964
上海交通大学,步兵4,蓝侧-中路,137,971,0.141091658084449
上海交通大学,空中,中场-上路,509,834,0.6103117505995204
上海交通大学,空中,中场-下路,133,834,0.15947242206235013
上海交通大学,空中,红侧-上路,47,834,0.05635491606714628
上海交通大学,空中,蓝侧-下路,145,834,0.17386091127098321
上海交通大学,英雄,中场-上路,241,966,0.2494824016563147
上海交通大学,英雄,中场-下路,138,966,0.14285714285714285
上海交通大学,英雄,中场-中路,61,966,0.06314699792960662
上海交通大学,英雄,红侧-上路,7,966,0.007246376811594203
上海交通大学,英雄,红侧-下路,184,966,0.19047619047619047
上海交通大学,英雄,红侧-中路,70,966,0.07246376811594203
上海交通大学,英雄,蓝侧-上路,129,966,0.13354037267080746
上海交通大学,英雄,蓝侧-下路,12,966,0.012422360248447204
上海交通大学,英雄,蓝侧-中路,124,966,0.12836438923395446
东北大学,哨兵,中场-上路,239,1924,0.12422037422037423
东北大学,哨兵,中场-下路,306,1924,0.15904365904365905
东北大学,哨兵,中场-中路,1,1924,0.0005197505197505198
东北大学,哨兵,红侧-上路,46,1924,0.02390852390852391
东北大学,哨兵,红侧-下路,171,1924,0.08887733887733888
东北大学,哨兵,红侧-中路,765,1924,0.3976091476091476
东北大学,哨兵,蓝侧-上路,97,1924,0.05041580041580042
东北大学,哨兵,蓝侧-下路,32,1924,0.016632016632016633
东北大学,哨兵,蓝侧-中路,267,1924,0.13877338877338877
东北大学,工程,中场-上路,173,1787,0.09681029658645775
东北大学,工程,中场-下路,69,1787,0.03861219921656407
东北大学,工程,中场-中路,1150,1787,0.6435366536094013
东北大学,工程,红侧-下路,179,1787,0.10016787912702854
东北大学,工程,红侧-中路,167,1787,0.09345271404588697
东北大学,工程,蓝侧-上路,33,1787,0.01846670397313934
东北大学,工程,蓝侧-中路,16,1787,0.008953553441522105
东北大学,步兵3,中场-上路,239,1917,0.12467396974439228
东北大学,步兵3,中场-下路,374,1917,0.1950965049556599
东北大学,步兵3,中场-中路,257,1917,0.13406364110589464
东北大学,步兵3,红侧-上路,139,1917,0.07250912884715702
东北大学,步兵3,红侧-下路,231,1917,0.12050078247261346
东北大学,步兵3,红侧-中路,188,1917,0.0980699008868023
东北大学,步兵3,蓝侧-上路,139,1917,0.07250912884715702
东北大学,步兵3,蓝侧-下路,99,1917,0.051643192488262914
东北大学,步兵3,蓝侧-中路,251,1917,0.1309337506520605
东北大学,步兵4,中场-上路,285,1914,0.14890282131661442
东北大学,步兵4,中场-下路,334,1914,0.17450365726227796
东北大学,步兵4,中场-中路,166,1914,0.08672936259143156
东北大学,步兵4,红侧-上路,119,1914,0.062173458725182866
东北大学,步兵4,红侧-下路,251,1914,0.13113897596656218
东北大学,步兵4,红侧-中路,252,1914,0.13166144200626959
东北大学,步兵4,蓝侧-上路,118,1914,0.06165099268547544
东北大学,步兵4,蓝侧-下路,90,1914,0.047021943573667714
东北大学,步兵4,蓝侧-中路,299,1914,0.1562173458725183
东北大学,空中,中场-上路,1500,1926,0.778816199376947
东北大学,空中,中场-下路,239,1926,0.1240913811007269
东北大学,空中,红侧-上路,148,1926,0.07684319833852545
东北大学,空中,蓝侧-下路,39,1926,0.020249221183800622
东北大学,英雄,中场-上路,594,1911,0.3108320251177394
东北大学,英雄,中场-下路,282,1911,0.14756671899529042
东北大学,英雄,中场-中路,145,1911,0.07587650444793302
东北大学,英雄,红侧-上路,32,1911,0.01674515960230246
东北大学,英雄,红侧-下路,217,1911,0.11355311355311355
东北大学,英雄,红侧-中路,215,1911,0.11250654107796965
东北大学,英雄,蓝侧-上路,117,1911,0.061224489795918366
东北大学,英雄,蓝侧-下路,62,1911,0.032443746729461015
东北大学,英雄,蓝侧-中路,247,1911,0.1292517006802721
东莞理工学院,哨兵,中场-上路,475,2480,0.19153225806451613
东莞理工学院,哨兵,中场-下路,1341,2480,0.540725806451613
东莞理工学院,哨兵,中场-中路,47,2480,0.018951612903225806
东莞理工学院,哨兵,红侧-上路,145,2480,0.05846774193548387
东莞理工学院,哨兵,红侧-下路,161,2480,0.06491935483870968
东莞理工学院,哨兵,红侧-中路,25,2480,0.010080645161290322
东莞理工学院,哨兵,蓝侧-上路,6,2480,0.0024193548387096775
东莞理工学院,哨兵,蓝侧-下路,133,2480,0.053629032258064514
东莞理工学院,哨兵,蓝侧-中路,147,2480,0.059274193548387095
东莞理工学院,工程,中场-上路,53,2436,0.02175697865353038
东莞理工学院,工程,中场-下路,78,2436,0.03201970443349754
东莞理工学院,工程,中场-中路,1148,2436,0.47126436781609193
东莞理工学院,工程,红侧-上路,1,2436,0.00041050903119868636
东莞理工学院,工程,红侧-下路,390,2436,0.16009852216748768
东莞理工学院,工程,红侧-中路,184,2436,0.0755336617405583
东莞理工学院,工程,蓝侧-上路,322,2436,0.13218390804597702
东莞理工学院,工程,蓝侧-下路,4,2436,0.0016420361247947454
东莞理工学院,工程,蓝侧-中路,256,2436,0.10509031198686371
东莞理工学院,步兵3,中场-上路,194,2474,0.07841552142279709
东莞理工学院,步兵3,中场-下路,228,2474,0.09215844785772029
东莞理工学院,步兵3,中场-中路,59,2474,0.023848019401778497
东莞理工学院,步兵3,红侧-上路,358,2474,0.14470493128536782
东莞理工学院,步兵3,红侧-下路,81,2474,0.032740501212611156
东莞理工学院,步兵3,红侧-中路,279,2474,0.1127728375101051
东莞理工学院,步兵3,蓝侧-上路,188,2474,0.07599029911075182
东莞理工学院,步兵3,蓝侧-下路,750,2474,0.30315278900565884
东莞理工学院,步兵3,蓝侧-中路,337,2474,0.13621665319320939
东莞理工学院,步兵4,中场-上路,456,2303,0.19800260529743813
东莞理工学院,步兵4,中场-下路,238,2303,0.1033434650455927
东莞理工学院,步兵4,中场-中路,263,2303,0.11419887103777682
东莞理工学院,步兵4,红侧-上路,80,2303,0.03473729917498915
东莞理工学院,步兵4,红侧-下路,169,2303,0.07338254450716457
东莞理工学院,步兵4,红侧-中路,224,2303,0.0972644376899696
东莞理工学院,步兵4,蓝侧-上路,444,2303,0.19279201042118976
东莞理工学院,步兵4,蓝侧-下路,173,2303,0.07511940946591403
东莞理工学院,步兵4,蓝侧-中路,256,2303,0.11115935735996527
东莞理工学院,空中,中场-上路,921,2480,0.3713709677419355
东莞理工学院,空中,中场-下路,1465,2480,0.5907258064516129
东莞理工学院,空中,红侧-上路,30,2480,0.012096774193548387
东莞理工学院,空中,蓝侧-下路,64,2480,0.025806451612903226
东莞理工学院,英雄,红侧-上路,814,2476,0.3287560581583199
东莞理工学院,英雄,红侧-下路,77,2476,0.031098546042003232
东莞理工学院,英雄,红侧-中路,60,2476,0.024232633279483037
东莞理工学院,英雄,蓝侧-上路,229,2476,0.09248788368336026
东莞理工学院,英雄,蓝侧-下路,1003,2476,0.40508885298869146
东莞理工学院,英雄,蓝侧-中路,293,2476,0.11833602584814217
中国石油大学（华东）,哨兵,中场-上路,104,1381,0.07530774800868936
中国石油大学（华东）,哨兵,中场-下路,299,1381,0.2165097755249819
中国石油大学（华东）,哨兵,中场-中路,20,1381,0.01448225923244026
中国石油大学（华东）,哨兵,红侧-上路,2,1381,0.001448225923244026
中国石油大学（华东）,哨兵,红侧-下路,103,1381,0.07458363504706735
中国石油大学（华东）,哨兵,红侧-中路,30,1381,0.02172338884866039
中国石油大学（华东）,哨兵,蓝侧-上路,430,1381,0.3113685734974656
中国石油大学（华东）,哨兵,蓝侧-下路,13,1381,0.00941346850108617
中国石油大学（华东）,哨兵,蓝侧-中路,380,1381,0.27516292541636495
中国石油大学（华东）,工程,中场-上路,112,1111,0.10081008100810081
中国石油大学（华东）,工程,中场-下路,21,1111,0.018901890189018902
中国石油大学（华东）,工程,中场-中路,486,1111,0.43744374437443745
中国石油大学（华东）,工程,红侧-下路,58,1111,0.052205220522052204
中国石油大学（华东）,工程,蓝侧-上路,251,1111,0.22592259225922592
中国石油大学（华东）,工程,蓝侧-下路,23,1111,0.020702070207020702
中国石油大学（华东）,工程,蓝侧-中路,160,1111,0.14401440144014402
中国石油大学（华东）,步兵3,中场-上路,167,1375,0.12145454545454545
中国石油大学（华东）,步兵3,中场-下路,255,1375,0.18545454545454546
中国石油大学（华东）,步兵3,中场-中路,111,1375,0.08072727272727273
中国石油大学（华东）,步兵3,红侧-上路,62,1375,0.04509090909090909
中国石油大学（华东）,步兵3,红侧-下路,74,1375,0.05381818181818182
中国石油大学（华东）,步兵3,红侧-中路,125,1375,0.09090909090909091
中国石油大学（华东）,步兵3,蓝侧-上路,123,1375,0.08945454545454545
中国石油大学（华东）,步兵3,蓝侧-下路,167,1375,0.12145454545454545
中国石油大学（华东）,步兵3,蓝侧-中路,291,1375,0.21163636363636365
中国石油大学（华东）,步兵4,中场-上路,172,1386,0.1240981240981241
中国石油大学（华东）,步兵4,中场-下路,211,1386,0.15223665223665223
中国石油大学（华东）,步兵4,中场-中路,129,1386,0.09307359307359307
中国石油大学（华东）,步兵4,红侧-上路,29,1386,0.020923520923520924
中国石油大学（华东）,步兵4,红侧-下路,99,1386,0.07142857142857142
中国石油大学（华东）,步兵4,红侧-中路,343,1386,0.2474747474747475
中国石油大学（华东）,步兵4,蓝侧-上路,175,1386,0.12626262626262627
中国石油大学（华东）,步兵4,蓝侧-下路,42,1386,0.030303030303030304
中国石油大学（华东）,步兵4,蓝侧-中路,186,1386,0.1341991341991342
中国石油大学（华东）,空中,中场-上路,263,1385,0.18989169675090253
中国石油大学（华东）,空中,中场-下路,948,1385,0.6844765342960288
中国石油大学（华东）,空中,红侧-上路,12,1385,0.008664259927797834
中国石油大学（华东）,空中,蓝侧-下路,159,1385,0.1148014440433213
中国石油大学（华东）,空中,蓝侧-中路,3,1385,0.0021660649819494585
中国石油大学（华东）,英雄,中场-上路,261,1375,0.18981818181818183
中国石油大学（华东）,英雄,中场-下路,119,1375,0.08654545454545455
中国石油大学（华东）,英雄,中场-中路,147,1375,0.10690909090909091
中国石油大学（华东）,英雄,红侧-上路,23,1375,0.016727272727272726
中国石油大学（华东）,英雄,红侧-下路,116,1375,0.08436363636363636
中国石油大学（华东）,英雄,红侧-中路,221,1375,0.16072727272727272
中国石油大学（华东）,英雄,蓝侧-上路,268,1375,0.19490909090909092
中国石油大学（华东）,英雄,蓝侧-下路,37,1375,0.02690909090909091
中国石油大学（华东）,英雄,蓝侧-中路,183,1375,0.1330909090909091
中国矿业大学,哨兵,中场-上路,78,1236,0.06310679611650485
中国矿业大学,哨兵,中场-下路,354,1236,0.28640776699029125
中国矿业大学,哨兵,中场-中路,36,1236,0.02912621359223301
中国矿业大学,哨兵,红侧-上路,41,1236,0.03317152103559871
中国矿业大学,哨兵,红侧-下路,78,1236,0.06310679611650485
中国矿业大学,哨兵,红侧-中路,72,1236,0.05825242718446602
中国矿业大学,哨兵,蓝侧-上路,280,1236,0.22653721682847897
中国矿业大学,哨兵,蓝侧-下路,81,1236,0.06553398058252427
中国矿业大学,哨兵,蓝侧-中路,216,1236,0.17475728155339806
中国矿业大学,工程,中场-上路,5,1249,0.0040032025620496394
中国矿业大学,工程,中场-下路,18,1249,0.014411529223378704
中国矿业大学,工程,中场-中路,134,1249,0.10728582866293035
中国矿业大学,工程,红侧-下路,197,1249,0.1577261809447558
中国矿业大学,工程,红侧-中路,83,1249,0.06645316253002402
中国矿业大学,工程,蓝侧-上路,597,1249,0.477982385908727
中国矿业大学,工程,蓝侧-下路,3,1249,0.0024019215372297837
中国矿业大学,工程,蓝侧-中路,212,1249,0.16973578863090472
中国矿业大学,步兵3,中场-上路,120,1228,0.09771986970684039
中国矿业大学,步兵3,中场-下路,134,1228,0.10912052117263844
中国矿业大学,步兵3,中场-中路,39,1228,0.03175895765472313
中国矿业大学,步兵3,红侧-上路,11,1228,0.008957654723127036
中国矿业大学,步兵3,红侧-下路,105,1228,0.08550488599348534
中国矿业大学,步兵3,红侧-中路,121,1228,0.0985342019543974
中国矿业大学,步兵3,蓝侧-上路,376,1228,0.30618892508143325
中国矿业大学,步兵3,蓝侧-下路,28,1228,0.02280130293159609
中国矿业大学,步兵3,蓝侧-中路,294,1228,0.23941368078175895
中国矿业大学,步兵4,中场-上路,181,1209,0.14971050454921422
中国矿业大学,步兵4,中场-下路,237,1209,0.19602977667493796
中国矿业大学,步兵4,中场-中路,162,1209,0.13399503722084366
中国矿业大学,步兵4,红侧-上路,33,1209,0.02729528535980149
中国矿业大学,步兵4,红侧-下路,50,1209,0.0413564929693962
中国矿业大学,步兵4,红侧-中路,90,1209,0.07444168734491315
中国矿业大学,步兵4,蓝侧-上路,215,1209,0.17783291976840365
中国矿业大学,步兵4,蓝侧-下路,50,1209,0.0413564929693962
中国矿业大学,步兵4,蓝侧-中路,191,1209,0.15798180314309346
中国矿业大学,空中,中场-上路,90,1102,0.08166969147005444
中国矿业大学,空中,中场-下路,526,1102,0.47731397459165154
中国矿业大学,空中,红侧-上路,49,1102,0.04446460980036298
中国矿业大学,空中,蓝侧-下路,437,1102,0.39655172413793105
中国矿业大学,英雄,中场-上路,1,1242,0.0008051529790660225
中国矿业大学,英雄,中场-下路,69,1242,0.05555555555555555
中国矿业大学,英雄,红侧-上路,99,1242,0.07971014492753623
中国矿业大学,英雄,红侧-下路,118,1242,0.09500805152979067
中国矿业大学,英雄,红侧-中路,59,1242,0.04750402576489533
中国矿业大学,英雄,蓝侧-上路,433,1242,0.34863123993558776
中国矿业大学,英雄,蓝侧-下路,106,1242,0.0853462157809984
中国矿业大学,英雄,蓝侧-中路,357,1242,0.28743961352657005
中国科学技术大学,哨兵,中场-上路,103,417,0.24700239808153476
中国科学技术大学,哨兵,中场-下路,285,417,0.6834532374100719
中国科学技术大学,哨兵,中场-中路,2,417,0.004796163069544364
中国科学技术大学,哨兵,红侧-上路,2,417,0.004796163069544364
中国科学技术大学,哨兵,红侧-下路,3,417,0.007194244604316547
中国科学技术大学,哨兵,红侧-中路,19,417,0.045563549160671464
中国科学技术大学,哨兵,蓝侧-中路,3,417,0.007194244604316547
中国科学技术大学,工程,中场-上路,16,417,0.03836930455635491
中国科学技术大学,工程,中场-下路,2,417,0.004796163069544364
中国科学技术大学,工程,中场-中路,265,417,0.6354916067146283
中国科学技术大学,工程,蓝侧-上路,75,417,0.17985611510791366
中国科学技术大学,工程,蓝侧-中路,59,417,0.14148681055155876
中国科学技术大学,步兵3,中场-上路,57,399,0.14285714285714285
中国科学技术大学,步兵3,中场-下路,24,399,0.06015037593984962
中国科学技术大学,步兵3,中场-中路,147,399,0.3684210526315789
中国科学技术大学,步兵3,红侧-上路,18,399,0.045112781954887216
中国科学技术大学,步兵3,红侧-下路,29,399,0.07268170426065163
中国科学技术大学,步兵3,红侧-中路,2,399,0.005012531328320802
中国科学技术大学,步兵3,蓝侧-上路,63,399,0.15789473684210525
中国科学技术大学,步兵3,蓝侧-下路,12,399,0.03007518796992481
中国科学技术大学,步兵3,蓝侧-中路,47,399,0.11779448621553884
中国科学技术大学,步兵4,中场-上路,78,415,0.18795180722891566
中国科学技术大学,步兵4,中场-下路,57,415,0.13734939759036144
中国科学技术大学,步兵4,中场-中路,42,415,0.10120481927710843
中国科学技术大学,步兵4,红侧-下路,6,415,0.014457831325301205
中国科学技术大学,步兵4,红侧-中路,22,415,0.05301204819277108
中国科学技术大学,步兵4,蓝侧-上路,179,415,0.43132530120481927
中国科学技术大学,步兵4,蓝侧-下路,1,415,0.0024096385542168677
中国科学技术大学,步兵4,蓝侧-中路,30,415,0.07228915662650602
中国科学技术大学,空中,中场-下路,382,413,0.9249394673123487
中国科学技术大学,空中,蓝侧-下路,31,413,0.07506053268765134
中国科学技术大学,英雄,中场-上路,34,416,0.08173076923076923
中国科学技术大学,英雄,中场-下路,125,416,0.3004807692307692
中国科学技术大学,英雄,中场-中路,30,416,0.07211538461538461
中国科学技术大学,英雄,红侧-下路,17,416,0.040865384615384616
中国科学技术大学,英雄,红侧-中路,7,416,0.016826923076923076
中国科学技术大学,英雄,蓝侧-上路,149,416,0.3581730769230769
中国科学技术大学,英雄,蓝侧-下路,4,416,0.009615384615384616
中国科学技术大学,英雄,蓝侧-中路,50,416,0.1201923076923077
五邑大学,哨兵,中场-上路,1060,1718,0.6169965075669382
五邑大学,哨兵,中场-下路,367,1718,0.21362048894062863
五邑大学,哨兵,中场-中路,4,1718,0.002328288707799767
五邑大学,哨兵,红侧-上路,57,1718,0.03317811408614668
五邑大学,哨兵,红侧-下路,5,1718,0.002910360884749709
五邑大学,哨兵,红侧-中路,223,1718,0.129802095459837
五邑大学,哨兵,蓝侧-中路,2,1718,0.0011641443538998836
五邑大学,工程,中场-上路,41,1763,0.023255813953488372
五邑大学,工程,中场-下路,72,1763,0.04083947816222348
五邑大学,工程,中场-中路,855,1763,0.48496880317640384
五邑大学,工程,红侧-上路,27,1763,0.015314804310833806
五邑大学,工程,红侧-下路,414,1763,0.23482699943278504
五邑大学,工程,红侧-中路,186,1763,0.10550198525241067
五邑大学,工程,蓝侧-上路,61,1763,0.03460011344299489
五邑大学,工程,蓝侧-下路,40,1763,0.022688598979013045
五邑大学,工程,蓝侧-中路,67,1763,0.03800340328984685
五邑大学,步兵3,中场-上路,261,1763,0.14804310833806011
五邑大学,步兵3,中场-下路,260,1763,0.1474758933635848
五邑大学,步兵3,中场-中路,243,1763,0.13783323879750425
五邑大学,步兵3,红侧-上路,46,1763,0.026091888825865002
五邑大学,步兵3,红侧-下路,158,1763,0.08961996596710153
五邑大学,步兵3,红侧-中路,286,1763,0.16222348269994327
五邑大学,步兵3,蓝侧-上路,116,1763,0.06579693703913783
五邑大学,步兵3,蓝侧-下路,21,1763,0.01191151446398185
五邑大学,步兵3,蓝侧-中路,372,1763,0.21100397050482134
五邑大学,步兵4,中场-上路,541,1763,0.30686330119115146
五邑大学,步兵4,中场-下路,290,1763,0.1644923425978446
五邑大学,步兵4,中场-中路,89,1763,0.05048213272830403
五邑大学,步兵4,红侧-上路,43,1763,0.024390243902439025
五邑大学,步兵4,红侧-下路,111,1763,0.06296086216676121
五邑大学,步兵4,红侧-中路,154,1763,0.08735110606920023
五邑大学,步兵4,蓝侧-上路,95,1763,0.05388542257515598
五邑大学,步兵4,蓝侧-下路,82,1763,0.046511627906976744
五邑大学,步兵4,蓝侧-中路,358,1763,0.20306296086216677
五邑大学,空中,中场-上路,996,1764,0.564625850340136
五邑大学,空中,中场-下路,134,1764,0.07596371882086168
五邑大学,空中,红侧-上路,490,1764,0.2777777777777778
五邑大学,空中,蓝侧-下路,144,1764,0.08163265306122448
五邑大学,英雄,中场-上路,49,1764,0.027777777777777776
五邑大学,英雄,中场-下路,162,1764,0.09183673469387756
五邑大学,英雄,中场-中路,23,1764,0.013038548752834467
五邑大学,英雄,红侧-上路,757,1764,0.42913832199546487
五邑大学,英雄,红侧-下路,232,1764,0.13151927437641722
五邑大学,英雄,红侧-中路,277,1764,0.15702947845804988
五邑大学,英雄,蓝侧-上路,60,1764,0.034013605442176874
五邑大学,英雄,蓝侧-下路,138,1764,0.0782312925170068
五邑大学,英雄,蓝侧-中路,66,1764,0.03741496598639456
仲恺农业工程学院,哨兵,中场-上路,641,1390,0.4611510791366906
仲恺农业工程学院,哨兵,中场-下路,382,1390,0.27482014388489207
仲恺农业工程学院,哨兵,红侧-上路,157,1390,0.11294964028776978
仲恺农业工程学院,哨兵,红侧-下路,7,1390,0.005035971223021582
仲恺农业工程学院,哨兵,红侧-中路,168,1390,0.12086330935251799
仲恺农业工程学院,哨兵,蓝侧-上路,10,1390,0.007194244604316547
仲恺农业工程学院,哨兵,蓝侧-下路,7,1390,0.005035971223021582
仲恺农业工程学院,哨兵,蓝侧-中路,18,1390,0.012949640287769784
仲恺农业工程学院,工程,中场-上路,58,1379,0.04205946337926034
仲恺农业工程学院,工程,中场-下路,68,1379,0.049311094996374184
仲恺农业工程学院,工程,中场-中路,681,1379,0.4938361131254532
仲恺农业工程学院,工程,红侧-下路,364,1379,0.2639593908629442
仲恺农业工程学院,工程,红侧-中路,25,1379,0.018129079042784626
仲恺农业工程学院,工程,蓝侧-上路,167,1379,0.1211022480058013
仲恺农业工程学院,工程,蓝侧-中路,16,1379,0.011602610587382161
仲恺农业工程学院,步兵3,中场-上路,222,1390,0.15971223021582734
仲恺农业工程学院,步兵3,中场-下路,249,1390,0.17913669064748203
仲恺农业工程学院,步兵3,中场-中路,175,1390,0.12589928057553956
仲恺农业工程学院,步兵3,红侧-上路,11,1390,0.007913669064748202
仲恺农业工程学院,步兵3,红侧-下路,195,1390,0.14028776978417265
仲恺农业工程学院,步兵3,红侧-中路,297,1390,0.21366906474820144
仲恺农业工程学院,步兵3,蓝侧-上路,117,1390,0.0841726618705036
仲恺农业工程学院,步兵3,蓝侧-下路,14,1390,0.010071942446043165
仲恺农业工程学院,步兵3,蓝侧-中路,110,1390,0.07913669064748201
仲恺农业工程学院,步兵4,中场-上路,167,1385,0.12057761732851986
仲恺农业工程学院,步兵4,中场-下路,350,1385,0.2527075812274368
仲恺农业工程学院,步兵4,中场-中路,169,1385,0.1220216606498195
仲恺农业工程学院,步兵4,红侧-上路,42,1385,0.03032490974729242
仲恺农业工程学院,步兵4,红侧-下路,200,1385,0.1444043321299639
仲恺农业工程学院,步兵4,红侧-中路,241,1385,0.1740072202166065
仲恺农业工程学院,步兵4,蓝侧-上路,61,1385,0.04404332129963899
仲恺农业工程学院,步兵4,蓝侧-下路,37,1385,0.026714801444043323
仲恺农业工程学院,步兵4,蓝侧-中路,118,1385,0.0851985559566787
仲恺农业工程学院,空中,中场-上路,905,1390,0.6510791366906474
仲恺农业工程学院,空中,中场-下路,334,1390,0.24028776978417266
仲恺农业工程学院,空中,红侧-上路,68,1390,0.04892086330935252
仲恺农业工程学院,空中,蓝侧-下路,83,1390,0.05971223021582734
仲恺农业工程学院,英雄,中场-上路,261,1251,0.20863309352517986
仲恺农业工程学院,英雄,中场-下路,96,1251,0.07673860911270983
仲恺农业工程学院,英雄,中场-中路,192,1251,0.15347721822541965
仲恺农业工程学院,英雄,红侧-上路,17,1251,0.013589128697042365
仲恺农业工程学院,英雄,红侧-下路,178,1251,0.14228617106314947
仲恺农业工程学院,英雄,红侧-中路,198,1251,0.15827338129496402
仲恺农业工程学院,英雄,蓝侧-上路,245,1251,0.19584332533972823
仲恺农业工程学院,英雄,蓝侧-中路,64,1251,0.051159072741806554
北京理工大学,哨兵,中场-上路,19,972,0.01954732510288066
北京理工大学,哨兵,中场-下路,635,972,0.6532921810699589
北京理工大学,哨兵,中场-中路,152,972,0.15637860082304528
北京理工大学,哨兵,红侧-下路,97,972,0.09979423868312758
北京理工大学,哨兵,红侧-中路,15,972,0.015432098765432098
北京理工大学,哨兵,蓝侧-上路,1,972,0.00102880658436214
北京理工大学,哨兵,蓝侧-下路,8,972,0.00823045267489712
北京理工大学,哨兵,蓝侧-中路,45,972,0.046296296296296294
北京理工大学,工程,中场-上路,38,972,0.03909465020576132
北京理工大学,工程,中场-下路,68,972,0.06995884773662552
北京理工大学,工程,中场-中路,481,972,0.4948559670781893
北京理工大学,工程,红侧-上路,20,972,0.0205761316872428
北京理工大学,工程,红侧-下路,75,972,0.07716049382716049
北京理工大学,工程,红侧-中路,34,972,0.03497942386831276
北京理工大学,工程,蓝侧-上路,180,972,0.18518518518518517
北京理工大学,工程,蓝侧-中路,76,972,0.07818930041152264
北京理工大学,步兵3,中场-上路,35,972,0.0360082304526749
北京理工大学,步兵3,中场-下路,158,972,0.16255144032921812
北京理工大学,步兵3,中场-中路,204,972,0.20987654320987653
北京理工大学,步兵3,红侧-上路,113,972,0.11625514403292181
北京理工大学,步兵3,红侧-下路,61,972,0.06275720164609054
北京理工大学,步兵3,红侧-中路,206,972,0.21193415637860083
北京理工大学,步兵3,蓝侧-上路,35,972,0.0360082304526749
北京理工大学,步兵3,蓝侧-下路,37,972,0.03806584362139918
北京理工大学,步兵3,蓝侧-中路,123,972,0.12654320987654322
北京理工大学,步兵4,中场-上路,57,973,0.05858170606372045
北京理工大学,步兵4,中场-下路,208,973,0.21377183967112023
北京理工大学,步兵4,中场-中路,161,973,0.16546762589928057
北京理工大学,步兵4,红侧-上路,56,973,0.05755395683453238
北京理工大学,步兵4,红侧-下路,74,973,0.07605344295991778
北京理工大学,步兵4,红侧-中路,68,973,0.0698869475847893
北京理工大学,步兵4,蓝侧-上路,81,973,0.08324768756423433
北京理工大学,步兵4,蓝侧-下路,112,973,0.11510791366906475
北京理工大学,步兵4,蓝侧-中路,156,973,0.16032887975334018
北京理工大学,空中,中场-上路,235,973,0.24152106885919836
北京理工大学,空中,中场-下路,603,973,0.6197327852004111
北京理工大学,空中,红侧-上路,43,973,0.044193216855087356
北京理工大学,空中,蓝侧-下路,92,973,0.09455292908530319
北京理工大学,英雄,中场-上路,195,959,0.20333680917622524
北京理工大学,英雄,中场-下路,389,959,0.4056308654848801
北京理工大学,英雄,中场-中路,59,959,0.061522419186652764
北京理工大学,英雄,红侧-上路,5,959,0.005213764337851929
北京理工大学,英雄,红侧-下路,28,959,0.029197080291970802
北京理工大学,英雄,红侧-中路,21,959,0.021897810218978103
北京理工大学,英雄,蓝侧-上路,119,959,0.12408759124087591
北京理工大学,英雄,蓝侧-中路,143,959,0.14911366006256518
北京理工大学（珠海）,哨兵,中场-上路,17,556,0.030575539568345324
北京理工大学（珠海）,哨兵,中场-下路,35,556,0.06294964028776978
北京理工大学（珠海）,哨兵,中场-中路,1,556,0.0017985611510791368
北京理工大学（珠海）,哨兵,红侧-中路,278,556,0.5
北京理工大学（珠海）,哨兵,蓝侧-上路,200,556,0.3597122302158273
北京理工大学（珠海）,哨兵,蓝侧-中路,25,556,0.044964028776978415
北京理工大学（珠海）,工程,中场-上路,8,809,0.009888751545117428
北京理工大学（珠海）,工程,中场-下路,13,809,0.016069221260815822
北京理工大学（珠海）,工程,中场-中路,223,809,0.27564894932014833
北京理工大学（珠海）,工程,红侧-下路,378,809,0.4672435105067985
北京理工大学（珠海）,工程,红侧-中路,20,809,0.024721878862793572
北京理工大学（珠海）,工程,蓝侧-上路,164,809,0.2027194066749073
北京理工大学（珠海）,工程,蓝侧-中路,3,809,0.003708281829419036
北京理工大学（珠海）,步兵3,中场-上路,268,831,0.32250300842358604
北京理工大学（珠海）,步兵3,中场-下路,25,831,0.030084235860409144
北京理工大学（珠海）,步兵3,中场-中路,7,831,0.00842358604091456
北京理工大学（珠海）,步兵3,红侧-上路,28,831,0.03369434416365824
北京理工大学（珠海）,步兵3,红侧-下路,141,831,0.16967509025270758
北京理工大学（珠海）,步兵3,红侧-中路,116,831,0.13959085439229843
北京理工大学（珠海）,步兵3,蓝侧-上路,129,831,0.1552346570397112
北京理工大学（珠海）,步兵3,蓝侧-下路,48,831,0.05776173285198556
北京理工大学（珠海）,步兵3,蓝侧-中路,69,831,0.08303249097472924
北京理工大学（珠海）,步兵4,中场-上路,159,832,0.19110576923076922
北京理工大学（珠海）,步兵4,中场-下路,179,832,0.21514423076923078
北京理工大学（珠海）,步兵4,中场-中路,24,832,0.028846153846153848
北京理工大学（珠海）,步兵4,红侧-上路,23,832,0.027644230769230768
北京理工大学（珠海）,步兵4,红侧-下路,96,832,0.11538461538461539
北京理工大学（珠海）,步兵4,红侧-中路,175,832,0.21033653846153846
北京理工大学（珠海）,步兵4,蓝侧-上路,67,832,0.08052884615384616
北京理工大学（珠海）,步兵4,蓝侧-下路,28,832,0.03365384615384615
北京理工大学（珠海）,步兵4,蓝侧-中路,81,832,0.09735576923076923
北京理工大学（珠海）,空中,中场-上路,413,831,0.4969915764139591
北京理工大学（珠海）,空中,中场-下路,206,831,0.24789410348977137
北京理工大学（珠海）,空中,红侧-上路,143,831,0.17208182912154033
北京理工大学（珠海）,空中,蓝侧-下路,69,831,0.08303249097472924
北京理工大学（珠海）,英雄,中场-上路,43,825,0.052121212121212124
北京理工大学（珠海）,英雄,中场-下路,74,825,0.08969696969696969
北京理工大学（珠海）,英雄,中场-中路,1,825,0.0012121212121212121
北京理工大学（珠海）,英雄,红侧-上路,4,825,0.0048484848484848485
北京理工大学（珠海）,英雄,红侧-下路,136,825,0.16484848484848486
北京理工大学（珠海）,英雄,红侧-中路,386,825,0.4678787878787879
北京理工大学（珠海）,英雄,蓝侧-上路,84,825,0.10181818181818182
北京理工大学（珠海）,英雄,蓝侧-下路,6,825,0.007272727272727273
北京理工大学（珠海）,英雄,蓝侧-中路,91,825,0.1103030303030303
华东理工大学,哨兵,中场-上路,292,1112,0.26258992805755393
华东理工大学,哨兵,中场-下路,42,1112,0.03776978417266187
华东理工大学,哨兵,中场-中路,67,1112,0.06025179856115108
华东理工大学,哨兵,红侧-下路,159,1112,0.14298561151079137
华东理工大学,哨兵,红侧-中路,435,1112,0.39118705035971224
华东理工大学,哨兵,蓝侧-上路,117,1112,0.1052158273381295
华东理工大学,工程,中场-下路,72,1188,0.06060606060606061
华东理工大学,工程,中场-中路,510,1188,0.4292929292929293
华东理工大学,工程,红侧-上路,3,1188,0.0025252525252525255
华东理工大学,工程,红侧-下路,421,1188,0.3543771043771044
华东理工大学,工程,红侧-中路,182,1188,0.1531986531986532
华东理工大学,步兵3,中场-上路,244,1246,0.1958266452648475
华东理工大学,步兵3,中场-下路,62,1246,0.04975922953451043
华东理工大学,步兵3,中场-中路,149,1246,0.11958266452648475
华东理工大学,步兵3,红侧-上路,212,1246,0.17014446227929375
华东理工大学,步兵3,红侧-下路,173,1246,0.13884430176565007
华东理工大学,步兵3,红侧-中路,136,1246,0.10914927768860354
华东理工大学,步兵3,蓝侧-上路,33,1246,0.026484751203852328
华东理工大学,步兵3,蓝侧-下路,87,1246,0.06982343499197431
华东理工大学,步兵3,蓝侧-中路,150,1246,0.12038523274478331
华东理工大学,步兵4,中场-上路,263,1249,0.21056845476381106
华东理工大学,步兵4,中场-下路,182,1249,0.14571657325860687
华东理工大学,步兵4,中场-中路,171,1249,0.13690952762209768
华东理工大学,步兵4,红侧-上路,43,1249,0.0344275420336269
华东理工大学,步兵4,红侧-下路,204,1249,0.1633306645316253
华东理工大学,步兵4,红侧-中路,134,1249,0.10728582866293035
华东理工大学,步兵4,蓝侧-上路,46,1249,0.03682946357085669
华东理工大学,步兵4,蓝侧-下路,62,1249,0.049639711769415534
华东理工大学,步兵4,蓝侧-中路,144,1249,0.11529223378702963
华东理工大学,空中,中场-上路,945,1251,0.7553956834532374
华东理工大学,空中,红侧-上路,306,1251,0.2446043165467626
华东理工大学,英雄,中场-上路,507,1241,0.40854149879129736
华东理工大学,英雄,中场-下路,61,1241,0.04915390813859791
华东理工大学,英雄,中场-中路,96,1241,0.07735697018533441
华东理工大学,英雄,红侧-上路,53,1241,0.0427074939564867
华东理工大学,英雄,红侧-下路,102,1241,0.0821917808219178
华东理工大学,英雄,红侧-中路,196,1241,0.1579371474617244
华东理工大学,英雄,蓝侧-上路,68,1241,0.0547945205479452
华东理工大学,英雄,蓝侧-下路,3,1241,0.0024174053182917004
华东理工大学,英雄,蓝侧-中路,155,1241,0.12489927477840451
华中科技大学,哨兵,中场-上路,399,1390,0.2870503597122302
华中科技大学,哨兵,中场-下路,354,1390,0.25467625899280577
华中科技大学,哨兵,红侧-上路,3,1390,0.002158273381294964
华中科技大学,哨兵,红侧-中路,432,1390,0.3107913669064748
华中科技大学,哨兵,蓝侧-上路,50,1390,0.03597122302158273
华中科技大学,哨兵,蓝侧-下路,24,1390,0.017266187050359712
华中科技大学,哨兵,蓝侧-中路,128,1390,0.0920863309352518
华中科技大学,工程,中场-上路,82,1387,0.05912040374909877
华中科技大学,工程,中场-下路,165,1387,0.11896178803172314
华中科技大学,工程,中场-中路,689,1387,0.4967555875991348
华中科技大学,工程,红侧-下路,181,1387,0.13049747656813265
华中科技大学,工程,红侧-中路,79,1387,0.05695746214852199
华中科技大学,工程,蓝侧-上路,126,1387,0.09084354722422494
华中科技大学,工程,蓝侧-中路,65,1387,0.04686373467916366
华中科技大学,步兵3,中场-上路,107,1388,0.07708933717579251
华中科技大学,步兵3,中场-下路,258,1388,0.18587896253602307
华中科技大学,步兵3,中场-中路,87,1388,0.06268011527377522
华中科技大学,步兵3,红侧-上路,23,1388,0.016570605187319884
华中科技大学,步兵3,红侧-下路,212,1388,0.15273775216138327
华中科技大学,步兵3,红侧-中路,328,1388,0.23631123919308358
华中科技大学,步兵3,蓝侧-上路,113,1388,0.0814121037463977
华中科技大学,步兵3,蓝侧-下路,84,1388,0.06051873198847262
华中科技大学,步兵3,蓝侧-中路,176,1388,0.12680115273775217
华中科技大学,步兵4,中场-上路,261,1335,0.19550561797752808
华中科技大学,步兵4,中场-下路,201,1335,0.15056179775280898
华中科技大学,步兵4,中场-中路,46,1335,0.03445692883895131
华中科技大学,步兵4,红侧-上路,120,1335,0.0898876404494382
华中科技大学,步兵4,红侧-下路,305,1335,0.22846441947565543
华中科技大学,步兵4,红侧-中路,211,1335,0.15805243445692885
华中科技大学,步兵4,蓝侧-上路,105,1335,0.07865168539325842
华中科技大学,步兵4,蓝侧-下路,8,1335,0.00599250936329588
华中科技大学,步兵4,蓝侧-中路,78,1335,0.058426966292134834
华中科技大学,空中,中场-上路,745,1390,0.5359712230215827
华中科技大学,空中,中场-下路,337,1390,0.24244604316546764
华中科技大学,空中,红侧-上路,89,1390,0.06402877697841726
华中科技大学,空中,蓝侧-下路,219,1390,0.15755395683453238
华中科技大学,英雄,中场-上路,414,1387,0.29848594087959623
华中科技大学,英雄,中场-下路,230,1387,0.1658255227108868
华中科技大学,英雄,中场-中路,55,1387,0.03965392934390771
华中科技大学,英雄,红侧-上路,21,1387,0.01514059120403749
华中科技大学,英雄,红侧-下路,154,1387,0.1110310021629416
华中科技大学,英雄,红侧-中路,145,1387,0.10454217736121124
华中科技大学,英雄,蓝侧-上路,180,1387,0.12977649603460706
华中科技大学,英雄,蓝侧-下路,57,1387,0.0410958904109589
华中科技大学,英雄,蓝侧-中路,131,1387,0.09444844989185291
华南农业大学,哨兵,中场-上路,144,1584,0.09090909090909091
华南农业大学,哨兵,中场-下路,301,1584,0.1900252525252525
华南农业大学,哨兵,中场-中路,1,1584,0.0006313131313131314
华南农业大学,哨兵,红侧-上路,27,1584,0.017045454545454544
华南农业大学,哨兵,红侧-下路,83,1584,0.052398989898989896
华南农业大学,哨兵,红侧-中路,139,1584,0.08775252525252525
华南农业大学,哨兵,蓝侧-上路,513,1584,0.32386363636363635
华南农业大学,哨兵,蓝侧-下路,26,1584,0.016414141414141416
华南农业大学,哨兵,蓝侧-中路,350,1584,0.22095959595959597
华南农业大学,工程,中场-上路,47,1784,0.026345291479820628
华南农业大学,工程,中场-下路,105,1784,0.05885650224215247
华南农业大学,工程,中场-中路,773,1784,0.43329596412556054
华南农业大学,工程,红侧-下路,97,1784,0.05437219730941704
华南农业大学,工程,红侧-中路,5,1784,0.002802690582959641
华南农业大学,工程,蓝侧-上路,581,1784,0.32567264573991034
华南农业大学,工程,蓝侧-下路,3,1784,0.0016816143497757848
华南农业大学,工程,蓝侧-中路,173,1784,0.09697309417040359
华南农业大学,步兵3,中场-上路,129,1361,0.09478324761204997
华南农业大学,步兵3,中场-下路,410,1361,0.30124908155767816
华南农业大学,步兵3,中场-中路,80,1361,0.05878030859662013
华南农业大学,步兵3,红侧-上路,29,1361,0.0213078618662748
华南农业大学,步兵3,红侧-下路,210,1361,0.15429831006612785
华南农业大学,步兵3,红侧-中路,80,1361,0.05878030859662013
华南农业大学,步兵3,蓝侧-上路,199,1361,0.1462160176340926
华南农业大学,步兵3,蓝侧-下路,38,1361,0.027920646583394562
华南农业大学,步兵3,蓝侧-中路,186,1361,0.1366642174871418
华南农业大学,步兵4,中场-上路,95,1782,0.05331088664421998
华南农业大学,步兵4,中场-下路,233,1782,0.1307519640852974
华南农业大学,步兵4,中场-中路,290,1782,0.1627384960718294
华南农业大学,步兵4,红侧-上路,80,1782,0.04489337822671156
华南农业大学,步兵4,红侧-下路,135,1782,0.07575757575757576
华南农业大学,步兵4,红侧-中路,144,1782,0.08080808080808081
华南农业大学,步兵4,蓝侧-上路,245,1782,0.13748597081930417
华南农业大学,步兵4,蓝侧-下路,194,1782,0.10886644219977554
华南农业大学,步兵4,蓝侧-中路,366,1782,0.2053872053872054
华南农业大学,空中,中场-上路,134,1785,0.07507002801120448
华南农业大学,空中,中场-下路,1032,1785,0.5781512605042017
华南农业大学,空中,红侧-上路,283,1785,0.15854341736694677
华南农业大学,空中,蓝侧-下路,336,1785,0.18823529411764706
华南农业大学,英雄,中场-上路,219,1785,0.1226890756302521
华南农业大学,英雄,中场-下路,219,1785,0.1226890756302521
华南农业大学,英雄,中场-中路,89,1785,0.04985994397759104
华南农业大学,英雄,红侧-上路,36,1785,0.020168067226890758
华南农业大学,英雄,红侧-下路,38,1785,0.021288515406162466
华南农业大学,英雄,红侧-中路,130,1785,0.07282913165266107
华南农业大学,英雄,蓝侧-上路,80,1785,0.04481792717086835
华南农业大学,英雄,蓝侧-下路,833,1785,0.4666666666666667
华南农业大学,英雄,蓝侧-中路,141,1785,0.07899159663865546
华南理工大学,哨兵,中场-上路,368,1529,0.2406801831262263
华南理工大学,哨兵,中场-下路,399,1529,0.26095487246566385
华南理工大学,哨兵,中场-中路,6,1529,0.003924133420536298
华南理工大学,哨兵,红侧-上路,16,1529,0.010464355788096796
华南理工大学,哨兵,红侧-下路,300,1529,0.1962066710268149
华南理工大学,哨兵,红侧-中路,51,1529,0.033355134074558535
华南理工大学,哨兵,蓝侧-上路,340,1529,0.2223675604970569
华南理工大学,哨兵,蓝侧-下路,4,1529,0.002616088947024199
华南理工大学,哨兵,蓝侧-中路,45,1529,0.029431000654022238
华南理工大学,工程,中场-上路,61,1524,0.04002624671916011
华南理工大学,工程,中场-下路,24,1524,0.015748031496062992
华南理工大学,工程,中场-中路,771,1524,0.5059055118110236
华南理工大学,工程,红侧-上路,8,1524,0.005249343832020997
华南理工大学,工程,红侧-下路,190,1524,0.12467191601049869
华南理工大学,工程,红侧-中路,80,1524,0.05249343832020997
华南理工大学,工程,蓝侧-上路,280,1524,0.1837270341207349
华南理工大学,工程,蓝侧-下路,6,1524,0.003937007874015748
华南理工大学,工程,蓝侧-中路,104,1524,0.06824146981627296
华南理工大学,步兵3,中场-上路,245,1508,0.16246684350132626
华南理工大学,步兵3,中场-下路,182,1508,0.1206896551724138
华南理工大学,步兵3,中场-中路,221,1508,0.14655172413793102
华南理工大学,步兵3,红侧-上路,35,1508,0.023209549071618037
华南理工大学,步兵3,红侧-下路,154,1508,0.10212201591511937
华南理工大学,步兵3,红侧-中路,150,1508,0.09946949602122016
华南理工大学,步兵3,蓝侧-上路,383,1508,0.2539787798408488
华南理工大学,步兵3,蓝侧-下路,15,1508,0.009946949602122016
华南理工大学,步兵3,蓝侧-中路,123,1508,0.08156498673740054
华南理工大学,步兵4,中场-上路,300,1526,0.1965923984272608
华南理工大学,步兵4,中场-下路,226,1526,0.14809960681520315
华南理工大学,步兵4,中场-中路,245,1526,0.16055045871559634
华南理工大学,步兵4,红侧-上路,49,1526,0.03211009174311927
华南理工大学,步兵4,红侧-下路,116,1526,0.07601572739187418
华南理工大学,步兵4,红侧-中路,219,1526,0.1435124508519004
华南理工大学,步兵4,蓝侧-上路,147,1526,0.0963302752293578
华南理工大学,步兵4,蓝侧-下路,30,1526,0.019659239842726082
华南理工大学,步兵4,蓝侧-中路,194,1526,0.127129750982962
华南理工大学,空中,中场-上路,266,1112,0.2392086330935252
华南理工大学,空中,中场-下路,586,1112,0.5269784172661871
华南理工大学,空中,红侧-上路,12,1112,0.01079136690647482
华南理工大学,空中,蓝侧-下路,248,1112,0.22302158273381295
华南理工大学,英雄,中场-上路,211,1516,0.1391820580474934
华南理工大学,英雄,中场-下路,350,1516,0.23087071240105542
华南理工大学,英雄,中场-中路,317,1516,0.2091029023746702
华南理工大学,英雄,红侧-上路,9,1516,0.005936675461741424
华南理工大学,英雄,红侧-下路,90,1516,0.059366754617414245
华南理工大学,英雄,红侧-中路,176,1516,0.11609498680738786
华南理工大学,英雄,蓝侧-上路,72,1516,0.047493403693931395
华南理工大学,英雄,蓝侧-下路,8,1516,0.005277044854881266
华南理工大学,英雄,蓝侧-中路,283,1516,0.1866754617414248
南京理工大学,哨兵,中场-上路,109,417,0.26139088729016785
南京理工大学,哨兵,中场-中路,4,417,0.009592326139088728
南京理工大学,哨兵,红侧-上路,21,417,0.050359712230215826
南京理工大学,哨兵,红侧-下路,31,417,0.07434052757793765
南京理工大学,哨兵,红侧-中路,113,417,0.2709832134292566
南京理工大学,哨兵,蓝侧-下路,6,417,0.014388489208633094
南京理工大学,哨兵,蓝侧-中路,133,417,0.31894484412470026
南京理工大学,工程,中场-上路,9,552,0.016304347826086956
南京理工大学,工程,中场-下路,31,552,0.05615942028985507
南京理工大学,工程,中场-中路,252,552,0.45652173913043476
南京理工大学,工程,红侧-下路,90,552,0.16304347826086957
南京理工大学,工程,红侧-中路,5,552,0.009057971014492754
南京理工大学,工程,蓝侧-上路,133,552,0.24094202898550723
南京理工大学,工程,蓝侧-中路,32,552,0.057971014492753624
南京理工大学,步兵3,中场-上路,69,551,0.12522686025408347
南京理工大学,步兵3,中场-下路,192,551,0.3484573502722323
南京理工大学,步兵3,中场-中路,26,551,0.047186932849364795
南京理工大学,步兵3,红侧-上路,14,551,0.025408348457350273
南京理工大学,步兵3,红侧-下路,71,551,0.12885662431941924
南京理工大学,步兵3,红侧-中路,68,551,0.12341197822141561
南京理工大学,步兵3,蓝侧-上路,36,551,0.06533575317604355
南京理工大学,步兵3,蓝侧-下路,7,551,0.012704174228675136
南京理工大学,步兵3,蓝侧-中路,68,551,0.12341197822141561
南京理工大学,步兵4,中场-上路,116,692,0.1676300578034682
南京理工大学,步兵4,中场-下路,207,692,0.2991329479768786
南京理工大学,步兵4,中场-中路,20,692,0.028901734104046242
南京理工大学,步兵4,红侧-上路,2,692,0.002890173410404624
南京理工大学,步兵4,红侧-下路,23,692,0.033236994219653176
南京理工大学,步兵4,红侧-中路,52,692,0.07514450867052024
南京理工大学,步兵4,蓝侧-上路,75,692,0.10838150289017341
南京理工大学,步兵4,蓝侧-下路,59,692,0.08526011560693642
南京理工大学,步兵4,蓝侧-中路,138,692,0.1994219653179191
南京理工大学,空中,中场-上路,253,694,0.3645533141210375
南京理工大学,空中,中场-下路,299,694,0.430835734870317
南京理工大学,空中,红侧-上路,25,694,0.03602305475504323
南京理工大学,空中,蓝侧-下路,117,694,0.1685878962536023
南京理工大学,英雄,中场-上路,47,694,0.06772334293948126
南京理工大学,英雄,中场-下路,56,694,0.08069164265129683
南京理工大学,英雄,中场-中路,107,694,0.15417867435158503
南京理工大学,英雄,红侧-上路,3,694,0.004322766570605188
南京理工大学,英雄,红侧-下路,65,694,0.0936599423631124
南京理工大学,英雄,红侧-中路,95,694,0.13688760806916425
南京理工大学,英雄,蓝侧-上路,93,694,0.1340057636887608
南京理工大学,英雄,蓝侧-下路,200,694,0.2881844380403458
南京理工大学,英雄,蓝侧-中路,28,694,0.040345821325648415
南京航空航天大学金城学院,哨兵,中场-下路,56,1390,0.04028776978417266
南京航空航天大学金城学院,哨兵,红侧-上路,135,1390,0.09712230215827339
南京航空航天大学金城学院,哨兵,红侧-中路,143,1390,0.10287769784172662
南京航空航天大学金城学院,哨兵,蓝侧-上路,503,1390,0.3618705035971223
南京航空航天大学金城学院,哨兵,蓝侧-下路,109,1390,0.07841726618705036
南京航空航天大学金城学院,哨兵,蓝侧-中路,444,1390,0.3194244604316547
南京航空航天大学金城学院,工程,中场-上路,74,1306,0.05666156202143951
南京航空航天大学金城学院,工程,中场-下路,25,1306,0.01914241960183767
南京航空航天大学金城学院,工程,中场-中路,512,1306,0.39203675344563554
南京航空航天大学金城学院,工程,红侧-上路,1,1306,0.0007656967840735069
南京航空航天大学金城学院,工程,红侧-下路,151,1306,0.11562021439509954
南京航空航天大学金城学院,工程,红侧-中路,6,1306,0.004594180704441042
南京航空航天大学金城学院,工程,蓝侧-上路,344,1306,0.26339969372128635
南京航空航天大学金城学院,工程,蓝侧-中路,193,1306,0.14777947932618682
南京航空航天大学金城学院,步兵3,中场-上路,632,1387,0.4556596971881759
南京航空航天大学金城学院,步兵3,中场-下路,120,1387,0.08651766402307137
南京航空航天大学金城学院,步兵3,中场-中路,171,1387,0.1232876712328767
南京航空航天大学金城学院,步兵3,红侧-上路,7,1387,0.005046863734679163
南京航空航天大学金城学院,步兵3,红侧-下路,62,1387,0.044700793078586876
南京航空航天大学金城学院,步兵3,红侧-中路,104,1387,0.07498197548666186
南京航空航天大学金城学院,步兵3,蓝侧-上路,170,1387,0.12256669069935111
南京航空航天大学金城学院,步兵3,蓝侧-下路,1,1387,0.0007209805335255948
南京航空航天大学金城学院,步兵3,蓝侧-中路,120,1387,0.08651766402307137
南京航空航天大学金城学院,步兵4,中场-上路,159,1375,0.11563636363636363
南京航空航天大学金城学院,步兵4,中场-下路,350,1375,0.2545454545454545
南京航空航天大学金城学院,步兵4,中场-中路,253,1375,0.184
南京航空航天大学金城学院,步兵4,红侧-上路,31,1375,0.022545454545454546
南京航空航天大学金城学院,步兵4,红侧-下路,124,1375,0.09018181818181818
南京航空航天大学金城学院,步兵4,红侧-中路,135,1375,0.09818181818181818
南京航空航天大学金城学院,步兵4,蓝侧-上路,175,1375,0.12727272727272726
南京航空航天大学金城学院,步兵4,蓝侧-下路,18,1375,0.01309090909090909
南京航空航天大学金城学院,步兵4,蓝侧-中路,130,1375,0.09454545454545454
南京航空航天大学金城学院,空中,中场-上路,272,1389,0.19582433405327573
南京航空航天大学金城学院,空中,中场-下路,1060,1389,0.7631389488840893
南京航空航天大学金城学院,空中,红侧-上路,6,1389,0.004319654427645789
南京航空航天大学金城学院,空中,蓝侧-下路,51,1389,0.0367170626349892
南京航空航天大学金城学院,英雄,中场-上路,152,1363,0.11151870873074102
南京航空航天大学金城学院,英雄,中场-下路,343,1363,0.2516507703595011
南京航空航天大学金城学院,英雄,中场-中路,177,1363,0.12986060161408658
南京航空航天大学金城学院,英雄,红侧-上路,35,1363,0.025678650036683785
南京航空航天大学金城学院,英雄,红侧-下路,107,1363,0.07850330154071901
南京航空航天大学金城学院,英雄,红侧-中路,163,1363,0.11958914159941306
南京航空航天大学金城学院,英雄,蓝侧-上路,179,1363,0.13132795304475423
南京航空航天大学金城学院,英雄,蓝侧-下路,33,1363,0.02421129860601614
南京航空航天大学金城学院,英雄,蓝侧-中路,174,1363,0.1276595744680851
南华大学,哨兵,中场-上路,199,1773,0.11223914269599548
南华大学,哨兵,中场-下路,89,1773,0.050197405527354765
南华大学,哨兵,中场-中路,5,1773,0.0028200789622109417
南华大学,哨兵,红侧-上路,188,1773,0.10603496897913142
南华大学,哨兵,红侧-下路,226,1773,0.12746756909193457
南华大学,哨兵,红侧-中路,494,1773,0.27862380146644106
南华大学,哨兵,蓝侧-上路,288,1773,0.16243654822335024
南华大学,哨兵,蓝侧-下路,15,1773,0.008460236886632826
南华大学,哨兵,蓝侧-中路,269,1773,0.15172024816694868
南华大学,工程,中场-上路,112,1792,0.0625
南华大学,工程,中场-下路,187,1792,0.10435267857142858
南华大学,工程,中场-中路,649,1792,0.36216517857142855
南华大学,工程,红侧-上路,17,1792,0.009486607142857142
南华大学,工程,红侧-下路,365,1792,0.20368303571428573
南华大学,工程,红侧-中路,95,1792,0.053013392857142856
南华大学,工程,蓝侧-上路,252,1792,0.140625
南华大学,工程,蓝侧-中路,115,1792,0.06417410714285714
南华大学,步兵3,中场-上路,273,1805,0.15124653739612187
南华大学,步兵3,中场-下路,267,1805,0.14792243767313018
南华大学,步兵3,中场-中路,128,1805,0.07091412742382272
南华大学,步兵3,红侧-上路,7,1805,0.003878116343490305
南华大学,步兵3,红侧-下路,365,1805,0.20221606648199447
南华大学,步兵3,红侧-中路,331,1805,0.18337950138504155
南华大学,步兵3,蓝侧-上路,249,1805,0.13795013850415513
南华大学,步兵3,蓝侧-下路,7,1805,0.003878116343490305
南华大学,步兵3,蓝侧-中路,178,1805,0.09861495844875347
南华大学,步兵4,中场-上路,442,1807,0.2446043165467626
南华大学,步兵4,中场-下路,529,1807,0.2927504150525733
南华大学,步兵4,中场-中路,111,1807,0.061427780852241286
南华大学,步兵4,红侧-上路,23,1807,0.012728278915329275
南华大学,步兵4,红侧-下路,178,1807,0.09850581073602656
南华大学,步兵4,红侧-中路,157,1807,0.08688433868289984
南华大学,步兵4,蓝侧-上路,92,1807,0.0509131156613171
南华大学,步兵4,蓝侧-下路,17,1807,0.009407858328721638
南华大学,步兵4,蓝侧-中路,258,1807,0.14277808522412838
南华大学,空中,中场-上路,874,1807,0.48367459878251245
南华大学,空中,中场-下路,407,1807,0.22523519645821805
南华大学,空中,红侧-上路,238,1807,0.13171001660210294
南华大学,空中,蓝侧-下路,288,1807,0.15938018815716656
南华大学,英雄,中场-上路,449,1801,0.249305941143809
南华大学,英雄,中场-下路,410,1801,0.22765130483064963
南华大学,英雄,中场-中路,73,1801,0.04053303720155469
南华大学,英雄,红侧-上路,24,1801,0.013325930038867296
南华大学,英雄,红侧-下路,214,1801,0.11882287617990006
南华大学,英雄,红侧-中路,256,1801,0.14214325374791784
南华大学,英雄,蓝侧-上路,129,1801,0.07162687395891172
南华大学,英雄,蓝侧-下路,5,1801,0.00277623542476402
南华大学,英雄,蓝侧-中路,241,1801,0.13381454747362576
南方科技大学,哨兵,中场-上路,17,973,0.017471736896197326
南方科技大学,哨兵,中场-下路,69,973,0.07091469681397738
南方科技大学,哨兵,蓝侧-上路,552,973,0.5673175745118191
南方科技大学,哨兵,蓝侧-下路,60,973,0.06166495375128469
南方科技大学,哨兵,蓝侧-中路,275,973,0.28263103802672146
南方科技大学,工程,中场-上路,9,804,0.011194029850746268
南方科技大学,工程,中场-下路,14,804,0.017412935323383085
南方科技大学,工程,中场-中路,479,804,0.595771144278607
南方科技大学,工程,红侧-上路,17,804,0.021144278606965175
南方科技大学,工程,红侧-中路,5,804,0.006218905472636816
南方科技大学,工程,蓝侧-上路,214,804,0.26616915422885573
南方科技大学,工程,蓝侧-中路,66,804,0.08208955223880597
南方科技大学,步兵3,中场-上路,44,973,0.045220966084275435
南方科技大学,步兵3,中场-下路,184,973,0.18910585817060638
南方科技大学,步兵3,中场-中路,168,973,0.17266187050359713
南方科技大学,步兵3,红侧-下路,35,973,0.03597122302158273
南方科技大学,步兵3,红侧-中路,52,973,0.05344295991778006
南方科技大学,步兵3,蓝侧-上路,176,973,0.18088386433710174
南方科技大学,步兵3,蓝侧-下路,9,973,0.009249743062692703
南方科技大学,步兵3,蓝侧-中路,305,973,0.31346351490236385
南方科技大学,步兵4,中场-上路,162,828,0.1956521739130435
南方科技大学,步兵4,中场-下路,126,828,0.15217391304347827
南方科技大学,步兵4,中场-中路,112,828,0.13526570048309178
南方科技大学,步兵4,红侧-上路,82,828,0.09903381642512077
南方科技大学,步兵4,红侧-下路,21,828,0.025362318840579712
南方科技大学,步兵4,红侧-中路,71,828,0.08574879227053141
南方科技大学,步兵4,蓝侧-上路,150,828,0.18115942028985507
南方科技大学,步兵4,蓝侧-下路,2,828,0.0024154589371980675
南方科技大学,步兵4,蓝侧-中路,102,828,0.12318840579710146
南方科技大学,空中,中场-下路,287,695,0.41294964028776976
南方科技大学,空中,蓝侧-下路,408,695,0.5870503597122302
南方科技大学,英雄,中场-下路,272,967,0.281282316442606
南方科技大学,英雄,中场-中路,2,967,0.002068252326783868
南方科技大学,英雄,蓝侧-上路,114,967,0.11789038262668046
南方科技大学,英雄,蓝侧-下路,257,967,0.265770423991727
南方科技大学,英雄,蓝侧-中路,322,967,0.3329886246122027
厦门大学嘉庚学院,哨兵,中场-上路,256,1250,0.2048
厦门大学嘉庚学院,哨兵,中场-下路,1,1250,0.0008
厦门大学嘉庚学院,哨兵,中场-中路,2,1250,0.0016
厦门大学嘉庚学院,哨兵,红侧-上路,18,1250,0.0144
厦门大学嘉庚学院,哨兵,红侧-下路,201,1250,0.1608
厦门大学嘉庚学院,哨兵,红侧-中路,495,1250,0.396
厦门大学嘉庚学院,哨兵,蓝侧-上路,5,1250,0.004
厦门大学嘉庚学院,哨兵,蓝侧-下路,70,1250,0.056
厦门大学嘉庚学院,哨兵,蓝侧-中路,202,1250,0.1616
厦门大学嘉庚学院,工程,中场-上路,51,1250,0.0408
厦门大学嘉庚学院,工程,中场-下路,40,1250,0.032
厦门大学嘉庚学院,工程,中场-中路,448,1250,0.3584
厦门大学嘉庚学院,工程,红侧-下路,428,1250,0.3424
厦门大学嘉庚学院,工程,红侧-中路,11,1250,0.0088
厦门大学嘉庚学院,工程,蓝侧-上路,248,1250,0.1984
厦门大学嘉庚学院,工程,蓝侧-中路,24,1250,0.0192
厦门大学嘉庚学院,步兵3,中场-上路,243,1228,0.1978827361563518
厦门大学嘉庚学院,步兵3,中场-下路,181,1228,0.1473941368078176
厦门大学嘉庚学院,步兵3,中场-中路,34,1228,0.02768729641693811
厦门大学嘉庚学院,步兵3,红侧-上路,18,1228,0.014657980456026058
厦门大学嘉庚学院,步兵3,红侧-下路,150,1228,0.12214983713355049
厦门大学嘉庚学院,步兵3,红侧-中路,129,1228,0.10504885993485343
厦门大学嘉庚学院,步兵3,蓝侧-上路,197,1228,0.16042345276872963
厦门大学嘉庚学院,步兵3,蓝侧-下路,36,1228,0.029315960912052116
厦门大学嘉庚学院,步兵3,蓝侧-中路,240,1228,0.19543973941368079
厦门大学嘉庚学院,步兵4,中场-上路,218,1249,0.1745396317053643
厦门大学嘉庚学院,步兵4,中场-下路,251,1249,0.20096076861489193
厦门大学嘉庚学院,步兵4,中场-中路,75,1249,0.0600480384307446
厦门大学嘉庚学院,步兵4,红侧-上路,9,1249,0.007205764611689352
厦门大学嘉庚学院,步兵4,红侧-下路,186,1249,0.1489191353082466
厦门大学嘉庚学院,步兵4,红侧-中路,156,1249,0.12489991993594876
厦门大学嘉庚学院,步兵4,蓝侧-上路,163,1249,0.13050440352281825
厦门大学嘉庚学院,步兵4,蓝侧-下路,23,1249,0.018414731785428344
厦门大学嘉庚学院,步兵4,蓝侧-中路,168,1249,0.1345076060848679
厦门大学嘉庚学院,空中,中场-上路,626,1251,0.5003996802557954
厦门大学嘉庚学院,空中,中场-下路,122,1251,0.09752198241406874
厦门大学嘉庚学院,空中,红侧-上路,347,1251,0.2773780975219824
厦门大学嘉庚学院,空中,蓝侧-下路,156,1251,0.12470023980815348
厦门大学嘉庚学院,英雄,中场-上路,341,1250,0.2728
厦门大学嘉庚学院,英雄,中场-下路,56,1250,0.0448
厦门大学嘉庚学院,英雄,中场-中路,7,1250,0.0056
厦门大学嘉庚学院,英雄,红侧-上路,88,1250,0.0704
厦门大学嘉庚学院,英雄,红侧-下路,190,1250,0.152
厦门大学嘉庚学院,英雄,红侧-中路,326,1250,0.2608
厦门大学嘉庚学院,英雄,蓝侧-上路,170,1250,0.136
厦门大学嘉庚学院,英雄,蓝侧-下路,1,1250,0.0008
厦门大学嘉庚学院,英雄,蓝侧-中路,71,1250,0.0568
合肥工业大学（宣城校区）,哨兵,中场-上路,744,2085,0.35683453237410073
合肥工业大学（宣城校区）,哨兵,中场-下路,579,2085,0.2776978417266187
合肥工业大学（宣城校区）,哨兵,红侧-上路,220,2085,0.10551558752997602
合肥工业大学（宣城校区）,哨兵,红侧-下路,26,2085,0.012470023980815348
合肥工业大学（宣城校区）,哨兵,红侧-中路,122,2085,0.05851318944844125
合肥工业大学（宣城校区）,哨兵,蓝侧-上路,231,2085,0.11079136690647481
合肥工业大学（宣城校区）,哨兵,蓝侧-下路,25,2085,0.011990407673860911
合肥工业大学（宣城校区）,哨兵,蓝侧-中路,138,2085,0.06618705035971223
合肥工业大学（宣城校区）,工程,中场-上路,33,2061,0.01601164483260553
合肥工业大学（宣城校区）,工程,中场-下路,37,2061,0.017952450266860747
合肥工业大学（宣城校区）,工程,中场-中路,967,2061,0.46918971373119844
合肥工业大学（宣城校区）,工程,红侧-上路,2,2061,0.0009704027171276079
合肥工业大学（宣城校区）,工程,红侧-下路,402,2061,0.1950509461426492
合肥工业大学（宣城校区）,工程,红侧-中路,150,2061,0.07278020378457059
合肥工业大学（宣城校区）,工程,蓝侧-上路,386,2061,0.18728772440562833
合肥工业大学（宣城校区）,工程,蓝侧-下路,30,2061,0.01455604075691412
合肥工业大学（宣城校区）,工程,蓝侧-中路,54,2061,0.026200873362445413
合肥工业大学（宣城校区）,步兵3,中场-上路,493,2154,0.22887650882079852
合肥工业大学（宣城校区）,步兵3,中场-下路,376,2154,0.1745589600742804
合肥工业大学（宣城校区）,步兵3,中场-中路,270,2154,0.12534818941504178
合肥工业大学（宣城校区）,步兵3,红侧-上路,56,2154,0.025998142989786442
合肥工业大学（宣城校区）,步兵3,红侧-下路,181,2154,0.0840297121634169
合肥工业大学（宣城校区）,步兵3,红侧-中路,115,2154,0.05338904363974002
合肥工业大学（宣城校区）,步兵3,蓝侧-上路,419,2154,0.19452181987000927
合肥工业大学（宣城校区）,步兵3,蓝侧-下路,49,2154,0.02274837511606314
合肥工业大学（宣城校区）,步兵3,蓝侧-中路,195,2154,0.0905292479108635
合肥工业大学（宣城校区）,步兵4,中场-上路,494,2079,0.2376142376142376
合肥工业大学（宣城校区）,步兵4,中场-下路,357,2079,0.1717171717171717
合肥工业大学（宣城校区）,步兵4,中场-中路,169,2079,0.08128908128908129
合肥工业大学（宣城校区）,步兵4,红侧-上路,144,2079,0.06926406926406926
合肥工业大学（宣城校区）,步兵4,红侧-下路,198,2079,0.09523809523809523
合肥工业大学（宣城校区）,步兵4,红侧-中路,151,2079,0.07263107263107263
合肥工业大学（宣城校区）,步兵4,蓝侧-上路,224,2079,0.10774410774410774
合肥工业大学（宣城校区）,步兵4,蓝侧-下路,44,2079,0.021164021164021163
合肥工业大学（宣城校区）,步兵4,蓝侧-中路,298,2079,0.14333814333814335
合肥工业大学（宣城校区）,空中,中场-上路,938,2212,0.4240506329113924
合肥工业大学（宣城校区）,空中,中场-下路,664,2212,0.30018083182640143
合肥工业大学（宣城校区）,空中,红侧-上路,311,2212,0.14059674502712477
合肥工业大学（宣城校区）,空中,蓝侧-下路,299,2212,0.13517179023508138
合肥工业大学（宣城校区）,英雄,中场-上路,954,2219,0.4299233889139252
合肥工业大学（宣城校区）,英雄,中场-下路,534,2219,0.24064894096439837
合肥工业大学（宣城校区）,英雄,中场-中路,71,2219,0.03199639477242001
合肥工业大学（宣城校区）,英雄,红侧-上路,23,2219,0.010365029292474088
合肥工业大学（宣城校区）,英雄,红侧-下路,91,2219,0.04100946372239748
合肥工业大学（宣城校区）,英雄,红侧-中路,243,2219,0.10950878774222622
合肥工业大学（宣城校区）,英雄,蓝侧-上路,213,2219,0.09598918431726003
合肥工业大学（宣城校区）,英雄,蓝侧-下路,6,2219,0.0027039206849932404
合肥工业大学（宣城校区）,英雄,蓝侧-中路,84,2219,0.03785488958990536
同济大学,哨兵,中场-上路,48,834,0.05755395683453238
同济大学,哨兵,中场-下路,334,834,0.40047961630695444
同济大学,哨兵,红侧-上路,96,834,0.11510791366906475
同济大学,哨兵,红侧-下路,59,834,0.07074340527577938
同济大学,哨兵,红侧-中路,76,834,0.09112709832134293
同济大学,哨兵,蓝侧-上路,52,834,0.06235011990407674
同济大学,哨兵,蓝侧-下路,128,834,0.15347721822541965
同济大学,哨兵,蓝侧-中路,41,834,0.049160671462829736
同济大学,工程,中场-上路,63,828,0.07608695652173914
同济大学,工程,中场-下路,9,828,0.010869565217391304
同济大学,工程,中场-中路,473,828,0.571256038647343
同济大学,工程,红侧-上路,1,828,0.0012077294685990338
同济大学,工程,红侧-下路,75,828,0.09057971014492754
同济大学,工程,红侧-中路,12,828,0.014492753623188406
同济大学,工程,蓝侧-上路,175,828,0.2113526570048309
同济大学,工程,蓝侧-下路,2,828,0.0024154589371980675
同济大学,工程,蓝侧-中路,18,828,0.021739130434782608
同济大学,步兵3,中场-上路,108,834,0.12949640287769784
同济大学,步兵3,中场-下路,119,834,0.14268585131894485
同济大学,步兵3,中场-中路,47,834,0.05635491606714628
同济大学,步兵3,红侧-上路,73,834,0.08752997601918465
同济大学,步兵3,红侧-下路,106,834,0.12709832134292565
同济大学,步兵3,红侧-中路,80,834,0.09592326139088729
同济大学,步兵3,蓝侧-上路,166,834,0.19904076738609114
同济大学,步兵3,蓝侧-下路,30,834,0.03597122302158273
同济大学,步兵3,蓝侧-中路,105,834,0.12589928057553956
同济大学,步兵4,中场-上路,74,805,0.09192546583850932
同济大学,步兵4,中场-下路,67,805,0.08322981366459627
同济大学,步兵4,中场-中路,56,805,0.06956521739130435
同济大学,步兵4,红侧-上路,88,805,0.1093167701863354
同济大学,步兵4,红侧-下路,119,805,0.14782608695652175
同济大学,步兵4,红侧-中路,115,805,0.14285714285714285
同济大学,步兵4,蓝侧-上路,65,805,0.08074534161490683
同济大学,步兵4,蓝侧-下路,95,805,0.11801242236024845
同济大学,步兵4,蓝侧-中路,126,805,0.1565217391304348
同济大学,空中,中场-上路,108,834,0.12949640287769784
同济大学,空中,中场-下路,491,834,0.5887290167865707
同济大学,空中,红侧-上路,170,834,0.2038369304556355
同济大学,空中,红侧-下路,3,834,0.0035971223021582736
同济大学,空中,蓝侧-下路,62,834,0.07434052757793765
同济大学,英雄,中场-上路,1,834,0.001199040767386091
同济大学,英雄,中场-下路,126,834,0.1510791366906475
同济大学,英雄,中场-中路,1,834,0.001199040767386091
同济大学,英雄,红侧-上路,225,834,0.2697841726618705
同济大学,英雄,红侧-下路,28,834,0.03357314148681055
同济大学,英雄,红侧-中路,12,834,0.014388489208633094
同济大学,英雄,蓝侧-上路,16,834,0.019184652278177457
同济大学,英雄,蓝侧-下路,390,834,0.4676258992805755
同济大学,英雄,蓝侧-中路,35,834,0.04196642685851319
哈尔滨工业大学,哨兵,中场-上路,19,1632,0.011642156862745098
哈尔滨工业大学,哨兵,中场-下路,238,1632,0.14583333333333334
哈尔滨工业大学,哨兵,中场-中路,16,1632,0.00980392156862745
哈尔滨工业大学,哨兵,红侧-下路,20,1632,0.012254901960784314
哈尔滨工业大学,哨兵,红侧-中路,17,1632,0.010416666666666666
哈尔滨工业大学,哨兵,蓝侧-上路,470,1632,0.28799019607843135
哈尔滨工业大学,哨兵,蓝侧-下路,49,1632,0.03002450980392157
哈尔滨工业大学,哨兵,蓝侧-中路,803,1632,0.49203431372549017
哈尔滨工业大学,工程,中场-上路,93,1647,0.056466302367941715
哈尔滨工业大学,工程,中场-下路,52,1647,0.031572556162720096
哈尔滨工业大学,工程,中场-中路,688,1647,0.4177292046144505
哈尔滨工业大学,工程,红侧-上路,58,1647,0.035215543412264724
哈尔滨工业大学,工程,红侧-下路,18,1647,0.01092896174863388
哈尔滨工业大学,工程,红侧-中路,10,1647,0.006071645415907711
哈尔滨工业大学,工程,蓝侧-上路,658,1647,0.3995142683667274
哈尔滨工业大学,工程,蓝侧-下路,11,1647,0.006678809957498482
哈尔滨工业大学,工程,蓝侧-中路,59,1647,0.0358227079538555
哈尔滨工业大学,步兵3,中场-上路,220,1645,0.1337386018237082
哈尔滨工业大学,步兵3,中场-下路,347,1645,0.2109422492401216
哈尔滨工业大学,步兵3,中场-中路,170,1645,0.1033434650455927
哈尔滨工业大学,步兵3,红侧-上路,159,1645,0.09665653495440729
哈尔滨工业大学,步兵3,红侧-下路,68,1645,0.04133738601823708
哈尔滨工业大学,步兵3,红侧-中路,109,1645,0.0662613981762918
哈尔滨工业大学,步兵3,蓝侧-上路,276,1645,0.16778115501519758
哈尔滨工业大学,步兵3,蓝侧-下路,27,1645,0.01641337386018237
哈尔滨工业大学,步兵3,蓝侧-中路,269,1645,0.1635258358662614
哈尔滨工业大学,步兵4,中场-上路,100,1631,0.061312078479460456
哈尔滨工业大学,步兵4,中场-下路,212,1631,0.12998160637645617
哈尔滨工业大学,步兵4,中场-中路,143,1631,0.08767627222562845
哈尔滨工业大学,步兵4,红侧-上路,26,1631,0.01594114040465972
哈尔滨工业大学,步兵4,红侧-下路,30,1631,0.018393623543838136
哈尔滨工业大学,步兵4,红侧-中路,95,1631,0.05824647455548743
哈尔滨工业大学,步兵4,蓝侧-上路,315,1631,0.19313304721030042
哈尔滨工业大学,步兵4,蓝侧-下路,38,1631,0.023298589822194973
哈尔滨工业大学,步兵4,蓝侧-中路,672,1631,0.41201716738197425
哈尔滨工业大学,空中,中场-下路,1208,1508,0.8010610079575596
哈尔滨工业大学,空中,蓝侧-下路,300,1508,0.1989389920424403
哈尔滨工业大学,英雄,中场-上路,83,1646,0.050425273390036454
哈尔滨工业大学,英雄,中场-下路,489,1646,0.2970838396111786
哈尔滨工业大学,英雄,中场-中路,79,1646,0.0479951397326853
哈尔滨工业大学,英雄,红侧-上路,77,1646,0.04678007290400972
哈尔滨工业大学,英雄,红侧-下路,45,1646,0.027339003645200487
哈尔滨工业大学,英雄,红侧-中路,5,1646,0.003037667071688943
哈尔滨工业大学,英雄,蓝侧-上路,282,1646,0.17132442284325639
哈尔滨工业大学,英雄,蓝侧-下路,66,1646,0.040097205346294046
哈尔滨工业大学,英雄,蓝侧-中路,520,1646,0.3159173754556501
哈尔滨工业大学（威海）,哨兵,中场-上路,121,2084,0.058061420345489445
哈尔滨工业大学（威海）,哨兵,中场-下路,185,2084,0.08877159309021113
哈尔滨工业大学（威海）,哨兵,中场-中路,7,2084,0.0033589251439539347
哈尔滨工业大学（威海）,哨兵,红侧-上路,7,2084,0.0033589251439539347
哈尔滨工业大学（威海）,哨兵,红侧-下路,298,2084,0.14299424184261036
哈尔滨工业大学（威海）,哨兵,红侧-中路,664,2084,0.31861804222648754
哈尔滨工业大学（威海）,哨兵,蓝侧-上路,71,2084,0.034069097888675626
哈尔滨工业大学（威海）,哨兵,蓝侧-下路,148,2084,0.0710172744721689
哈尔滨工业大学（威海）,哨兵,蓝侧-中路,583,2084,0.27975047984644913
哈尔滨工业大学（威海）,工程,中场-上路,58,2021,0.028698664027709056
哈尔滨工业大学（威海）,工程,中场-下路,99,2021,0.048985650667986144
哈尔滨工业大学（威海）,工程,中场-中路,888,2021,0.4393864423552697
哈尔滨工业大学（威海）,工程,红侧-上路,58,2021,0.028698664027709056
哈尔滨工业大学（威海）,工程,红侧-下路,227,2021,0.11232063334982682
哈尔滨工业大学（威海）,工程,红侧-中路,198,2021,0.09797130133597229
哈尔滨工业大学（威海）,工程,蓝侧-上路,286,2021,0.14151410192973776
哈尔滨工业大学（威海）,工程,蓝侧-下路,94,2021,0.046511627906976744
哈尔滨工业大学（威海）,工程,蓝侧-中路,113,2021,0.05591291439881247
哈尔滨工业大学（威海）,步兵3,中场-上路,179,2059,0.08693540553666829
哈尔滨工业大学（威海）,步兵3,中场-下路,460,2059,0.22340942204953862
哈尔滨工业大学（威海）,步兵3,中场-中路,297,2059,0.14424477901894123
哈尔滨工业大学（威海）,步兵3,红侧-上路,17,2059,0.00825643516270034
哈尔滨工业大学（威海）,步兵3,红侧-下路,216,2059,0.10490529383195726
哈尔滨工业大学（威海）,步兵3,红侧-中路,246,2059,0.11947547353084022
哈尔滨工业大学（威海）,步兵3,蓝侧-上路,336,2059,0.16318601262748908
哈尔滨工业大学（威海）,步兵3,蓝侧-下路,40,2059,0.01942690626517727
哈尔滨工业大学（威海）,步兵3,蓝侧-中路,268,2059,0.13016027197668772
哈尔滨工业大学（威海）,步兵4,中场-上路,178,2076,0.08574181117533719
哈尔滨工业大学（威海）,步兵4,中场-下路,337,2076,0.16233140655105974
哈尔滨工业大学（威海）,步兵4,中场-中路,76,2076,0.036608863198458574
哈尔滨工业大学（威海）,步兵4,红侧-上路,78,2076,0.03757225433526012
哈尔滨工业大学（威海）,步兵4,红侧-下路,264,2076,0.12716763005780346
哈尔滨工业大学（威海）,步兵4,红侧-中路,457,2076,0.22013487475915222
哈尔滨工业大学（威海）,步兵4,蓝侧-上路,202,2076,0.09730250481695568
哈尔滨工业大学（威海）,步兵4,蓝侧-下路,90,2076,0.04335260115606936
哈尔滨工业大学（威海）,步兵4,蓝侧-中路,394,2076,0.18978805394990367
哈尔滨工业大学（威海）,空中,中场-上路,971,2085,0.4657074340527578
哈尔滨工业大学（威海）,空中,中场-下路,704,2085,0.3376498800959233
哈尔滨工业大学（威海）,空中,红侧-上路,141,2085,0.06762589928057554
哈尔滨工业大学（威海）,空中,蓝侧-下路,269,2085,0.1290167865707434
哈尔滨工业大学（威海）,英雄,中场-下路,42,1968,0.021341463414634148
哈尔滨工业大学（威海）,英雄,红侧-上路,953,1968,0.4842479674796748
哈尔滨工业大学（威海）,英雄,红侧-下路,3,1968,0.001524390243902439
哈尔滨工业大学（威海）,英雄,红侧-中路,39,1968,0.019817073170731708
哈尔滨工业大学（威海）,英雄,蓝侧-上路,82,1968,0.041666666666666664
哈尔滨工业大学（威海）,英雄,蓝侧-下路,723,1968,0.3673780487804878
哈尔滨工业大学（威海）,英雄,蓝侧-中路,126,1968,0.06402439024390244
哈尔滨工业大学（深圳）,哨兵,中场-上路,377,1529,0.24656638325703073
哈尔滨工业大学（深圳）,哨兵,中场-下路,295,1529,0.19293655984303465
哈尔滨工业大学（深圳）,哨兵,中场-中路,2,1529,0.0013080444735120995
哈尔滨工业大学（深圳）,哨兵,红侧-上路,123,1529,0.08044473512099411
哈尔滨工业大学（深圳）,哨兵,红侧-下路,135,1529,0.08829300196206671
哈尔滨工业大学（深圳）,哨兵,红侧-中路,201,1529,0.131458469587966
哈尔滨工业大学（深圳）,哨兵,蓝侧-上路,89,1529,0.058207979071288427
哈尔滨工业大学（深圳）,哨兵,蓝侧-下路,35,1529,0.02289077828646174
哈尔滨工业大学（深圳）,哨兵,蓝侧-中路,272,1529,0.17789404839764553
哈尔滨工业大学（深圳）,工程,中场-上路,30,1524,0.01968503937007874
哈尔滨工业大学（深圳）,工程,中场-下路,4,1524,0.0026246719160104987
哈尔滨工业大学（深圳）,工程,中场-中路,835,1524,0.5479002624671916
哈尔滨工业大学（深圳）,工程,红侧-下路,232,1524,0.15223097112860892
哈尔滨工业大学（深圳）,工程,红侧-中路,55,1524,0.03608923884514436
哈尔滨工业大学（深圳）,工程,蓝侧-上路,219,1524,0.1437007874015748
哈尔滨工业大学（深圳）,工程,蓝侧-中路,149,1524,0.09776902887139108
哈尔滨工业大学（深圳）,步兵3,中场-上路,221,1520,0.14539473684210527
哈尔滨工业大学（深圳）,步兵3,中场-下路,182,1520,0.11973684210526316
哈尔滨工业大学（深圳）,步兵3,中场-中路,172,1520,0.11315789473684211
哈尔滨工业大学（深圳）,步兵3,红侧-上路,47,1520,0.030921052631578946
哈尔滨工业大学（深圳）,步兵3,红侧-下路,161,1520,0.10592105263157894
哈尔滨工业大学（深圳）,步兵3,红侧-中路,270,1520,0.17763157894736842
哈尔滨工业大学（深圳）,步兵3,蓝侧-上路,205,1520,0.13486842105263158
哈尔滨工业大学（深圳）,步兵3,蓝侧-下路,26,1520,0.017105263157894738
哈尔滨工业大学（深圳）,步兵3,蓝侧-中路,236,1520,0.15526315789473685
哈尔滨工业大学（深圳）,步兵4,中场-上路,244,1527,0.15979043876882776
哈尔滨工业大学（深圳）,步兵4,中场-下路,335,1527,0.21938441388343158
哈尔滨工业大学（深圳）,步兵4,中场-中路,22,1527,0.014407334643091027
哈尔滨工业大学（深圳）,步兵4,红侧-上路,14,1527,0.0091683038637852
哈尔滨工业大学（深圳）,步兵4,红侧-下路,134,1527,0.08775376555337262
哈尔滨工业大学（深圳）,步兵4,红侧-中路,423,1527,0.2770137524557957
哈尔滨工业大学（深圳）,步兵4,蓝侧-上路,153,1527,0.10019646365422397
哈尔滨工业大学（深圳）,步兵4,蓝侧-下路,11,1527,0.007203667321545514
哈尔滨工业大学（深圳）,步兵4,蓝侧-中路,191,1527,0.12508185985592665
哈尔滨工业大学（深圳）,空中,中场-上路,507,1373,0.36926438455935906
哈尔滨工业大学（深圳）,空中,中场-下路,306,1373,0.2228696285506191
哈尔滨工业大学（深圳）,空中,红侧-上路,316,1373,0.23015294974508377
哈尔滨工业大学（深圳）,空中,蓝侧-下路,244,1373,0.17771303714493808
哈尔滨工业大学（深圳）,英雄,中场-上路,27,1529,0.01765860039241334
哈尔滨工业大学（深圳）,英雄,中场-下路,190,1529,0.12426422498364945
哈尔滨工业大学（深圳）,英雄,中场-中路,4,1529,0.002616088947024199
哈尔滨工业大学（深圳）,英雄,红侧-上路,545,1529,0.3564421190320471
哈尔滨工业大学（深圳）,英雄,红侧-下路,29,1529,0.01896664486592544
哈尔滨工业大学（深圳）,英雄,红侧-中路,231,1529,0.1510791366906475
哈尔滨工业大学（深圳）,英雄,蓝侧-上路,126,1529,0.08240680183126227
哈尔滨工业大学（深圳）,英雄,蓝侧-下路,208,1529,0.13603662524525834
哈尔滨工业大学（深圳）,英雄,蓝侧-中路,169,1529,0.1105297580117724
复旦大学,哨兵,中场-上路,117,973,0.12024665981500514
复旦大学,哨兵,中场-下路,159,973,0.16341212744090441
复旦大学,哨兵,中场-中路,4,973,0.0041109969167523125
复旦大学,哨兵,红侧-上路,6,973,0.006166495375128468
复旦大学,哨兵,红侧-下路,69,973,0.07091469681397738
复旦大学,哨兵,红侧-中路,104,973,0.10688591983556012
复旦大学,哨兵,蓝侧-上路,127,973,0.13052415210688592
复旦大学,哨兵,蓝侧-下路,34,973,0.03494347379239465
复旦大学,哨兵,蓝侧-中路,353,973,0.36279547790339156
复旦大学,工程,中场-上路,3,1107,0.0027100271002710027
复旦大学,工程,中场-下路,3,1107,0.0027100271002710027
复旦大学,工程,中场-中路,557,1107,0.5031616982836495
复旦大学,工程,红侧-下路,190,1107,0.17163504968383017
复旦大学,工程,红侧-中路,173,1107,0.15627822944896116
复旦大学,工程,蓝侧-上路,51,1107,0.04607046070460705
复旦大学,工程,蓝侧-中路,130,1107,0.11743450767841011
复旦大学,步兵3,中场-上路,210,1103,0.19038984587488667
复旦大学,步兵3,中场-下路,101,1103,0.09156844968268359
复旦大学,步兵3,中场-中路,209,1103,0.18948322756119673
复旦大学,步兵3,红侧-上路,8,1103,0.007252946509519492
复旦大学,步兵3,红侧-下路,114,1103,0.10335448776065277
复旦大学,步兵3,红侧-中路,133,1103,0.12058023572076156
复旦大学,步兵3,蓝侧-上路,117,1103,0.10607434270172257
复旦大学,步兵3,蓝侧-下路,40,1103,0.03626473254759746
复旦大学,步兵3,蓝侧-中路,171,1103,0.15503173164097914
复旦大学,步兵4,中场-上路,444,1108,0.4007220216606498
复旦大学,步兵4,中场-下路,79,1108,0.07129963898916968
复旦大学,步兵4,中场-中路,55,1108,0.04963898916967509
复旦大学,步兵4,红侧-上路,13,1108,0.011732851985559567
复旦大学,步兵4,红侧-下路,75,1108,0.06768953068592058
复旦大学,步兵4,红侧-中路,59,1108,0.05324909747292419
复旦大学,步兵4,蓝侧-上路,153,1108,0.13808664259927797
复旦大学,步兵4,蓝侧-下路,22,1108,0.019855595667870037
复旦大学,步兵4,蓝侧-中路,208,1108,0.18772563176895307
复旦大学,空中,中场-上路,464,1112,0.4172661870503597
复旦大学,空中,中场-下路,139,1112,0.125
复旦大学,空中,红侧-上路,370,1112,0.3327338129496403
复旦大学,空中,蓝侧-下路,139,1112,0.125
复旦大学,英雄,中场-上路,574,1112,0.5161870503597122
复旦大学,英雄,中场-下路,157,1112,0.14118705035971224
复旦大学,英雄,中场-中路,26,1112,0.023381294964028777
复旦大学,英雄,红侧-上路,11,1112,0.009892086330935251
复旦大学,英雄,红侧-下路,103,1112,0.09262589928057553
复旦大学,英雄,红侧-中路,103,1112,0.09262589928057553
复旦大学,英雄,蓝侧-上路,54,1112,0.048561151079136694
复旦大学,英雄,蓝侧-下路,9,1112,0.008093525179856115
复旦大学,英雄,蓝侧-中路,75,1112,0.06744604316546762
大连理工大学,哨兵,中场-上路,124,1112,0.11151079136690648
大连理工大学,哨兵,中场-下路,133,1112,0.1196043165467626
大连理工大学,哨兵,中场-中路,4,1112,0.0035971223021582736
大连理工大学,哨兵,红侧-上路,2,1112,0.0017985611510791368
大连理工大学,哨兵,红侧-下路,229,1112,0.20593525179856115
大连理工大学,哨兵,红侧-中路,89,1112,0.08003597122302158
大连理工大学,哨兵,蓝侧-上路,127,1112,0.11420863309352518
大连理工大学,哨兵,蓝侧-下路,13,1112,0.011690647482014389
大连理工大学,哨兵,蓝侧-中路,391,1112,0.3516187050359712
大连理工大学,工程,中场-上路,20,1110,0.018018018018018018
大连理工大学,工程,中场-下路,28,1110,0.025225225225225224
大连理工大学,工程,中场-中路,590,1110,0.5315315315315315
大连理工大学,工程,红侧-上路,1,1110,0.0009009009009009009
大连理工大学,工程,红侧-下路,58,1110,0.05225225225225225
大连理工大学,工程,红侧-中路,33,1110,0.02972972972972973
大连理工大学,工程,蓝侧-上路,226,1110,0.2036036036036036
大连理工大学,工程,蓝侧-下路,4,1110,0.0036036036036036037
大连理工大学,工程,蓝侧-中路,150,1110,0.13513513513513514
大连理工大学,步兵3,中场-上路,61,831,0.07340553549939831
大连理工大学,步兵3,中场-下路,16,831,0.019253910950661854
大连理工大学,步兵3,中场-中路,8,831,0.009626955475330927
大连理工大学,步兵3,红侧-上路,4,831,0.0048134777376654635
大连理工大学,步兵3,红侧-下路,81,831,0.09747292418772563
大连理工大学,步兵3,红侧-中路,69,831,0.08303249097472924
大连理工大学,步兵3,蓝侧-上路,78,831,0.09386281588447654
大连理工大学,步兵3,蓝侧-下路,6,831,0.007220216606498195
大连理工大学,步兵3,蓝侧-中路,508,831,0.6113116726835138
大连理工大学,步兵4,中场-上路,104,1112,0.09352517985611511
大连理工大学,步兵4,中场-下路,46,1112,0.04136690647482014
大连理工大学,步兵4,中场-中路,2,1112,0.0017985611510791368
大连理工大学,步兵4,红侧-上路,10,1112,0.008992805755395683
大连理工大学,步兵4,红侧-下路,109,1112,0.09802158273381295
大连理工大学,步兵4,红侧-中路,107,1112,0.09622302158273381
大连理工大学,步兵4,蓝侧-上路,289,1112,0.25989208633093525
大连理工大学,步兵4,蓝侧-下路,115,1112,0.10341726618705036
大连理工大学,步兵4,蓝侧-中路,330,1112,0.29676258992805754
大连理工大学,空中,中场-上路,229,1112,0.20593525179856115
大连理工大学,空中,中场-下路,471,1112,0.42356115107913667
大连理工大学,空中,红侧-上路,49,1112,0.044064748201438846
大连理工大学,空中,红侧-下路,1,1112,0.0008992805755395684
大连理工大学,空中,蓝侧-下路,362,1112,0.3255395683453237
大连理工大学,英雄,中场-上路,15,1111,0.013501350135013501
大连理工大学,英雄,中场-下路,12,1111,0.010801080108010801
大连理工大学,英雄,红侧-上路,89,1111,0.08010801080108011
大连理工大学,英雄,红侧-下路,63,1111,0.05670567056705671
大连理工大学,英雄,红侧-中路,110,1111,0.09900990099009901
大连理工大学,英雄,蓝侧-上路,164,1111,0.1476147614761476
大连理工大学,英雄,蓝侧-下路,227,1111,0.20432043204320433
大连理工大学,英雄,蓝侧-中路,431,1111,0.38793879387938796
太原科技大学,哨兵,中场-上路,414,1112,0.3723021582733813
太原科技大学,哨兵,中场-下路,183,1112,0.164568345323741
太原科技大学,哨兵,中场-中路,7,1112,0.006294964028776978
太原科技大学,哨兵,红侧-上路,16,1112,0.014388489208633094
太原科技大学,哨兵,红侧-下路,129,1112,0.11600719424460432
太原科技大学,哨兵,红侧-中路,238,1112,0.21402877697841727
太原科技大学,哨兵,蓝侧-上路,35,1112,0.03147482014388489
太原科技大学,哨兵,蓝侧-下路,3,1112,0.002697841726618705
太原科技大学,哨兵,蓝侧-中路,87,1112,0.07823741007194245
太原科技大学,工程,中场-上路,35,1101,0.03178928247048138
太原科技大学,工程,中场-下路,166,1101,0.15077202543142598
太原科技大学,工程,中场-中路,492,1101,0.44686648501362397
太原科技大学,工程,红侧-上路,11,1101,0.009990917347865577
太原科技大学,工程,红侧-下路,124,1101,0.11262488646684832
太原科技大学,工程,红侧-中路,234,1101,0.2125340599455041
太原科技大学,工程,蓝侧-上路,29,1101,0.02633969118982743
太原科技大学,工程,蓝侧-中路,10,1101,0.009082652134423252
太原科技大学,步兵3,中场-上路,322,1109,0.29035166816952207
太原科技大学,步兵3,中场-下路,292,1109,0.26330027051397653
太原科技大学,步兵3,中场-中路,32,1109,0.028854824165915238
太原科技大学,步兵3,红侧-上路,80,1109,0.0721370604147881
太原科技大学,步兵3,红侧-下路,203,1109,0.18304779080252478
太原科技大学,步兵3,红侧-中路,125,1109,0.1127141568981064
太原科技大学,步兵3,蓝侧-上路,22,1109,0.019837691614066726
太原科技大学,步兵3,蓝侧-下路,7,1109,0.0063119927862939585
太原科技大学,步兵3,蓝侧-中路,26,1109,0.023444544634806132
太原科技大学,步兵4,中场-上路,488,1100,0.44363636363636366
太原科技大学,步兵4,中场-下路,122,1100,0.11090909090909092
太原科技大学,步兵4,中场-中路,21,1100,0.019090909090909092
太原科技大学,步兵4,红侧-上路,39,1100,0.035454545454545454
太原科技大学,步兵4,红侧-下路,113,1100,0.10272727272727272
太原科技大学,步兵4,红侧-中路,236,1100,0.21454545454545454
太原科技大学,步兵4,蓝侧-上路,48,1100,0.04363636363636364
太原科技大学,步兵4,蓝侧-下路,3,1100,0.0027272727272727275
太原科技大学,步兵4,蓝侧-中路,30,1100,0.02727272727272727
太原科技大学,空中,中场-上路,585,1105,0.5294117647058824
太原科技大学,空中,中场-下路,207,1105,0.18733031674208145
太原科技大学,空中,红侧-上路,244,1105,0.22081447963800904
太原科技大学,空中,蓝侧-下路,69,1105,0.06244343891402715
太原科技大学,英雄,中场-上路,164,832,0.1971153846153846
太原科技大学,英雄,红侧-上路,274,832,0.3293269230769231
太原科技大学,英雄,红侧-下路,39,832,0.046875
太原科技大学,英雄,红侧-中路,78,832,0.09375
太原科技大学,英雄,蓝侧-上路,21,832,0.025240384615384616
太原科技大学,英雄,蓝侧-下路,200,832,0.2403846153846154
太原科技大学,英雄,蓝侧-中路,56,832,0.0673076923076923
山东理工大学,哨兵,中场-上路,479,1390,0.3446043165467626
山东理工大学,哨兵,中场-下路,495,1390,0.35611510791366907
山东理工大学,哨兵,中场-中路,2,1390,0.0014388489208633094
山东理工大学,哨兵,红侧-上路,22,1390,0.015827338129496403
山东理工大学,哨兵,红侧-下路,39,1390,0.02805755395683453
山东理工大学,哨兵,红侧-中路,155,1390,0.11151079136690648
山东理工大学,哨兵,蓝侧-上路,68,1390,0.04892086330935252
山东理工大学,哨兵,蓝侧-下路,26,1390,0.01870503597122302
山东理工大学,哨兵,蓝侧-中路,104,1390,0.07482014388489208
山东理工大学,工程,中场-上路,13,1249,0.010408326661329063
山东理工大学,工程,中场-下路,24,1249,0.01921537229783827
山东理工大学,工程,中场-中路,677,1249,0.5420336269015212
山东理工大学,工程,红侧-下路,183,1249,0.1465172137710168
山东理工大学,工程,红侧-中路,39,1249,0.03122497998398719
山东理工大学,工程,蓝侧-上路,225,1249,0.1801441152922338
山东理工大学,工程,蓝侧-下路,2,1249,0.0016012810248198558
山东理工大学,工程,蓝侧-中路,86,1249,0.0688550840672538
山东理工大学,步兵3,中场-上路,352,1390,0.25323741007194245
山东理工大学,步兵3,中场-下路,375,1390,0.2697841726618705
山东理工大学,步兵3,中场-中路,76,1390,0.05467625899280575
山东理工大学,步兵3,红侧-上路,7,1390,0.005035971223021582
山东理工大学,步兵3,红侧-下路,119,1390,0.0856115107913669
山东理工大学,步兵3,红侧-中路,104,1390,0.07482014388489208
山东理工大学,步兵3,蓝侧-上路,171,1390,0.12302158273381295
山东理工大学,步兵3,蓝侧-下路,45,1390,0.03237410071942446
山东理工大学,步兵3,蓝侧-中路,141,1390,0.10143884892086331
山东理工大学,步兵4,中场-上路,271,1387,0.19538572458543618
山东理工大学,步兵4,中场-下路,268,1387,0.1932227829848594
山东理工大学,步兵4,中场-中路,133,1387,0.0958904109589041
山东理工大学,步兵4,红侧-上路,87,1387,0.06272530641672674
山东理工大学,步兵4,红侧-下路,106,1387,0.07642393655371305
山东理工大学,步兵4,红侧-中路,122,1387,0.08795962509012256
山东理工大学,步兵4,蓝侧-上路,128,1387,0.09228550829127613
山东理工大学,步兵4,蓝侧-下路,84,1387,0.06056236481614996
山东理工大学,步兵4,蓝侧-中路,188,1387,0.13554434030281182
山东理工大学,空中,中场-上路,464,1390,0.3338129496402878
山东理工大学,空中,中场-下路,420,1390,0.302158273381295
山东理工大学,空中,红侧-上路,231,1390,0.16618705035971224
山东理工大学,空中,蓝侧-下路,275,1390,0.19784172661870503
山东理工大学,英雄,中场-上路,252,1386,0.18181818181818182
山东理工大学,英雄,中场-下路,455,1386,0.3282828282828283
山东理工大学,英雄,中场-中路,96,1386,0.06926406926406926
山东理工大学,英雄,红侧-上路,15,1386,0.010822510822510822
山东理工大学,英雄,红侧-下路,127,1386,0.09163059163059163
山东理工大学,英雄,红侧-中路,127,1386,0.09163059163059163
山东理工大学,英雄,蓝侧-上路,188,1386,0.13564213564213565
山东理工大学,英雄,蓝侧-下路,3,1386,0.0021645021645021645
山东理工大学,英雄,蓝侧-中路,123,1386,0.08874458874458875
山东科技大学,哨兵,中场-上路,344,1942,0.17713697219361482
山东科技大学,哨兵,中场-下路,158,1942,0.08135942327497425
山东科技大学,哨兵,中场-中路,1,1942,0.0005149330587023687
山东科技大学,哨兵,红侧-上路,62,1942,0.03192584963954686
山东科技大学,哨兵,红侧-下路,297,1942,0.1529351184346035
山东科技大学,哨兵,红侧-中路,929,1942,0.4783728115345005
山东科技大学,哨兵,蓝侧-上路,90,1942,0.046343975283213185
山东科技大学,哨兵,蓝侧-下路,3,1942,0.001544799176107106
山东科技大学,哨兵,蓝侧-中路,58,1942,0.029866117404737384
山东科技大学,工程,中场-上路,38,2078,0.01828681424446583
山东科技大学,工程,中场-下路,49,2078,0.02358036573628489
山东科技大学,工程,中场-中路,842,2078,0.4051973051010587
山东科技大学,工程,红侧-下路,768,2078,0.3695861405197305
山东科技大学,工程,红侧-中路,182,2078,0.0875842155919153
山东科技大学,工程,蓝侧-上路,176,2078,0.0846968238691049
山东科技大学,工程,蓝侧-下路,15,2078,0.007218479307025986
山东科技大学,工程,蓝侧-中路,8,2078,0.0038498556304138597
山东科技大学,步兵3,中场-上路,263,2058,0.12779397473275025
山东科技大学,步兵3,中场-下路,291,2058,0.141399416909621
山东科技大学,步兵3,中场-中路,165,2058,0.08017492711370262
山东科技大学,步兵3,红侧-上路,25,2058,0.012147716229348883
山东科技大学,步兵3,红侧-下路,483,2058,0.23469387755102042
山东科技大学,步兵3,红侧-中路,438,2058,0.21282798833819241
山东科技大学,步兵3,蓝侧-上路,188,2058,0.0913508260447036
山东科技大学,步兵3,蓝侧-下路,3,2058,0.0014577259475218659
山东科技大学,步兵3,蓝侧-中路,202,2058,0.09815354713313897
山东科技大学,步兵4,中场-上路,684,2080,0.32884615384615384
山东科技大学,步兵4,中场-下路,214,2080,0.10288461538461538
山东科技大学,步兵4,中场-中路,86,2080,0.041346153846153845
山东科技大学,步兵4,红侧-上路,64,2080,0.03076923076923077
山东科技大学,步兵4,红侧-下路,366,2080,0.17596153846153847
山东科技大学,步兵4,红侧-中路,390,2080,0.1875
山东科技大学,步兵4,蓝侧-上路,82,2080,0.03942307692307692
山东科技大学,步兵4,蓝侧-下路,24,2080,0.011538461538461539
山东科技大学,步兵4,蓝侧-中路,170,2080,0.08173076923076923
山东科技大学,空中,中场-上路,1560,2078,0.7507218479307026
山东科技大学,空中,中场-下路,203,2078,0.09769008662175169
山东科技大学,空中,红侧-上路,244,2078,0.11742059672762271
山东科技大学,空中,蓝侧-下路,71,2078,0.034167468719923
山东科技大学,英雄,中场-上路,374,2084,0.17946257197696738
山东科技大学,英雄,中场-下路,84,2084,0.04030710172744722
山东科技大学,英雄,中场-中路,1,2084,0.0004798464491362764
山东科技大学,英雄,红侧-上路,686,2084,0.3291746641074856
山东科技大学,英雄,红侧-下路,254,2084,0.1218809980806142
山东科技大学,英雄,红侧-中路,491,2084,0.2356046065259117
山东科技大学,英雄,蓝侧-上路,32,2084,0.015355086372360844
山东科技大学,英雄,蓝侧-下路,45,2084,0.021593090211132437
山东科技大学,英雄,蓝侧-中路,117,2084,0.056142034548944335
广东工业大学,哨兵,中场-上路,142,1807,0.07858328721638075
广东工业大学,哨兵,中场-下路,500,1807,0.27670171555063644
广东工业大学,哨兵,中场-中路,26,1807,0.014388489208633094
广东工业大学,哨兵,红侧-上路,10,1807,0.005534034311012728
广东工业大学,哨兵,红侧-下路,143,1807,0.07913669064748201
广东工业大学,哨兵,红侧-中路,85,1807,0.04703929164360819
广东工业大学,哨兵,蓝侧-上路,20,1807,0.011068068622025456
广东工业大学,哨兵,蓝侧-下路,69,1807,0.03818483674598783
广东工业大学,哨兵,蓝侧-中路,812,1807,0.44936358605423354
广东工业大学,工程,中场-上路,63,1768,0.035633484162895926
广东工业大学,工程,中场-下路,62,1768,0.03506787330316742
广东工业大学,工程,中场-中路,579,1768,0.32748868778280543
广东工业大学,工程,红侧-上路,8,1768,0.004524886877828055
广东工业大学,工程,红侧-下路,153,1768,0.08653846153846154
广东工业大学,工程,红侧-中路,20,1768,0.011312217194570135
广东工业大学,工程,蓝侧-上路,429,1768,0.2426470588235294
广东工业大学,工程,蓝侧-下路,41,1768,0.02319004524886878
广东工业大学,工程,蓝侧-中路,413,1768,0.2335972850678733
广东工业大学,步兵3,中场-上路,162,1803,0.08985024958402663
广东工业大学,步兵3,中场-下路,557,1803,0.3089295618413755
广东工业大学,步兵3,中场-中路,34,1803,0.018857459789240156
广东工业大学,步兵3,红侧-上路,26,1803,0.014420410427066
广东工业大学,步兵3,红侧-下路,86,1803,0.04769828064337216
广东工业大学,步兵3,红侧-中路,148,1803,0.08208541320022185
广东工业大学,步兵3,蓝侧-上路,197,1803,0.10926234054353855
广东工业大学,步兵3,蓝侧-下路,109,1803,0.06045479755962285
广东工业大学,步兵3,蓝侧-中路,484,1803,0.2684414864115363
广东工业大学,步兵4,中场-上路,191,1796,0.10634743875278396
广东工业大学,步兵4,中场-下路,385,1796,0.2143652561247216
广东工业大学,步兵4,中场-中路,57,1796,0.03173719376391982
广东工业大学,步兵4,红侧-上路,18,1796,0.01002227171492205
广东工业大学,步兵4,红侧-下路,117,1796,0.06514476614699331
广东工业大学,步兵4,红侧-中路,131,1796,0.07293986636971046
广东工业大学,步兵4,蓝侧-上路,427,1796,0.23775055679287305
广东工业大学,步兵4,蓝侧-下路,45,1796,0.02505567928730512
广东工业大学,步兵4,蓝侧-中路,425,1796,0.2366369710467706
广东工业大学,空中,中场-上路,359,1807,0.19867183176535694
广东工业大学,空中,中场-下路,818,1807,0.4526840066408412
广东工业大学,空中,红侧-上路,58,1807,0.032097399003873824
广东工业大学,空中,蓝侧-下路,572,1807,0.31654676258992803
广东工业大学,英雄,中场-上路,78,1807,0.04316546762589928
广东工业大学,英雄,中场-下路,257,1807,0.1422246817930271
广东工业大学,英雄,红侧-上路,253,1807,0.140011068068622
广东工业大学,英雄,红侧-下路,22,1807,0.012174875484228001
广东工业大学,英雄,红侧-中路,64,1807,0.03541781959048146
广东工业大学,英雄,蓝侧-上路,364,1807,0.2014388489208633
广东工业大学,英雄,蓝侧-下路,512,1807,0.28334255672385167
广东工业大学,英雄,蓝侧-中路,257,1807,0.1422246817930271
广州城市理工学院,哨兵,中场-上路,254,2478,0.10250201775625505
广州城市理工学院,哨兵,中场-下路,503,2478,0.2029862792574657
广州城市理工学院,哨兵,中场-中路,16,2478,0.00645682001614205
广州城市理工学院,哨兵,红侧-上路,730,2478,0.29459241323648105
广州城市理工学院,哨兵,红侧-下路,66,2478,0.026634382566585957
广州城市理工学院,哨兵,红侧-中路,430,2478,0.1735270379338176
广州城市理工学院,哨兵,蓝侧-上路,101,2478,0.04075867635189669
广州城市理工学院,哨兵,蓝侧-下路,224,2478,0.0903954802259887
广州城市理工学院,哨兵,蓝侧-中路,154,2478,0.062146892655367235
广州城市理工学院,工程,中场-上路,62,2496,0.024839743589743588
广州城市理工学院,工程,中场-下路,143,2496,0.057291666666666664
广州城市理工学院,工程,中场-中路,995,2496,0.39863782051282054
广州城市理工学院,工程,红侧-上路,9,2496,0.003605769230769231
广州城市理工学院,工程,红侧-下路,572,2496,0.22916666666666666
广州城市理工学院,工程,红侧-中路,150,2496,0.06009615384615385
广州城市理工学院,工程,蓝侧-上路,492,2496,0.1971153846153846
广州城市理工学院,工程,蓝侧-下路,14,2496,0.005608974358974359
广州城市理工学院,工程,蓝侧-中路,59,2496,0.023637820512820512
广州城市理工学院,步兵3,中场-上路,597,2469,0.24179829890643986
广州城市理工学院,步兵3,中场-下路,396,2469,0.16038882138517618
广州城市理工学院,步兵3,中场-中路,73,2469,0.029566626164439044
广州城市理工学院,步兵3,红侧-上路,230,2469,0.09315512353179425
广州城市理工学院,步兵3,红侧-下路,249,2469,0.10085054678007291
广州城市理工学院,步兵3,红侧-中路,381,2469,0.1543134872417983
广州城市理工学院,步兵3,蓝侧-上路,264,2469,0.10692588092345079
广州城市理工学院,步兵3,蓝侧-下路,131,2469,0.0530579181855002
广州城市理工学院,步兵3,蓝侧-中路,148,2469,0.059943296881328476
广州城市理工学院,步兵4,中场-上路,431,2499,0.172468987595038
广州城市理工学院,步兵4,中场-下路,595,2499,0.23809523809523808
广州城市理工学院,步兵4,中场-中路,171,2499,0.06842737094837935
广州城市理工学院,步兵4,红侧-上路,183,2499,0.07322929171668667
广州城市理工学院,步兵4,红侧-下路,170,2499,0.06802721088435375
广州城市理工学院,步兵4,红侧-中路,381,2499,0.1524609843937575
广州城市理工学院,步兵4,蓝侧-上路,145,2499,0.05802320928371348
广州城市理工学院,步兵4,蓝侧-下路,188,2499,0.07523009203681473
广州城市理工学院,步兵4,蓝侧-中路,235,2499,0.0940376150460184
广州城市理工学院,空中,中场-上路,1315,2502,0.5255795363709033
广州城市理工学院,空中,中场-下路,835,2502,0.3337330135891287
广州城市理工学院,空中,红侧-上路,214,2502,0.08553157474020784
广州城市理工学院,空中,蓝侧-下路,138,2502,0.05515587529976019
广州城市理工学院,英雄,中场-上路,47,2501,0.01879248300679728
广州城市理工学院,英雄,中场-下路,36,2501,0.014394242303078768
广州城市理工学院,英雄,中场-中路,7,2501,0.0027988804478208716
广州城市理工学院,英雄,红侧-上路,1056,2501,0.42223110755697724
广州城市理工学院,英雄,红侧-下路,98,2501,0.039184326269492205
广州城市理工学院,英雄,红侧-中路,331,2501,0.1323470611755298
广州城市理工学院,英雄,蓝侧-上路,51,2501,0.02039184326269492
广州城市理工学院,英雄,蓝侧-下路,691,2501,0.2762894842063175
广州城市理工学院,英雄,蓝侧-中路,184,2501,0.07357057177129149
应急管理大学,哨兵,中场-上路,93,1112,0.08363309352517985
应急管理大学,哨兵,中场-下路,278,1112,0.25
应急管理大学,哨兵,中场-中路,5,1112,0.0044964028776978415
应急管理大学,哨兵,红侧-上路,34,1112,0.030575539568345324
应急管理大学,哨兵,红侧-下路,53,1112,0.047661870503597124
应急管理大学,哨兵,红侧-中路,107,1112,0.09622302158273381
应急管理大学,哨兵,蓝侧-上路,55,1112,0.04946043165467626
应急管理大学,哨兵,蓝侧-下路,66,1112,0.05935251798561151
应急管理大学,哨兵,蓝侧-中路,421,1112,0.37859712230215825
应急管理大学,工程,中场-上路,90,1112,0.08093525179856115
应急管理大学,工程,中场-下路,17,1112,0.015287769784172662
应急管理大学,工程,中场-中路,458,1112,0.4118705035971223
应急管理大学,工程,红侧-上路,13,1112,0.011690647482014389
应急管理大学,工程,红侧-下路,70,1112,0.06294964028776978
应急管理大学,工程,红侧-中路,58,1112,0.052158273381294966
应急管理大学,工程,蓝侧-上路,223,1112,0.20053956834532374
应急管理大学,工程,蓝侧-中路,183,1112,0.164568345323741
应急管理大学,步兵3,中场-上路,170,1112,0.1528776978417266
应急管理大学,步兵3,中场-下路,114,1112,0.10251798561151079
应急管理大学,步兵3,中场-中路,225,1112,0.20233812949640287
应急管理大学,步兵3,红侧-上路,3,1112,0.002697841726618705
应急管理大学,步兵3,红侧-下路,141,1112,0.12679856115107913
应急管理大学,步兵3,红侧-中路,35,1112,0.03147482014388489
应急管理大学,步兵3,蓝侧-上路,156,1112,0.14028776978417265
应急管理大学,步兵3,蓝侧-下路,38,1112,0.0341726618705036
应急管理大学,步兵3,蓝侧-中路,230,1112,0.2068345323741007
应急管理大学,步兵4,中场-上路,68,1087,0.062557497700092
应急管理大学,步兵4,中场-下路,403,1087,0.37074517019319225
应急管理大学,步兵4,中场-中路,98,1087,0.09015639374425023
应急管理大学,步兵4,红侧-上路,6,1087,0.005519779208831647
应急管理大学,步兵4,红侧-下路,30,1087,0.027598896044158234
应急管理大学,步兵4,红侧-中路,65,1087,0.05979760809567617
应急管理大学,步兵4,蓝侧-上路,149,1087,0.13707451701931922
应急管理大学,步兵4,蓝侧-下路,72,1087,0.06623735050597976
应急管理大学,步兵4,蓝侧-中路,196,1087,0.18031278748850046
应急管理大学,空中,中场-上路,251,1112,0.22571942446043167
应急管理大学,空中,中场-下路,583,1112,0.5242805755395683
应急管理大学,空中,红侧-上路,27,1112,0.024280575539568347
应急管理大学,空中,蓝侧-下路,251,1112,0.22571942446043167
应急管理大学,英雄,中场-上路,70,1112,0.06294964028776978
应急管理大学,英雄,中场-下路,170,1112,0.1528776978417266
应急管理大学,英雄,中场-中路,1,1112,0.0008992805755395684
应急管理大学,英雄,红侧-上路,169,1112,0.15197841726618705
应急管理大学,英雄,红侧-下路,12,1112,0.01079136690647482
应急管理大学,英雄,红侧-中路,27,1112,0.024280575539568347
应急管理大学,英雄,蓝侧-上路,127,1112,0.11420863309352518
应急管理大学,英雄,蓝侧-下路,418,1112,0.37589928057553956
应急管理大学,英雄,蓝侧-中路,118,1112,0.10611510791366907
桂林电子科技大学,哨兵,中场-上路,179,1668,0.10731414868105515
桂林电子科技大学,哨兵,中场-下路,159,1668,0.09532374100719425
桂林电子科技大学,哨兵,红侧-上路,101,1668,0.0605515587529976
桂林电子科技大学,哨兵,红侧-下路,91,1668,0.05455635491606715
桂林电子科技大学,哨兵,红侧-中路,463,1668,0.2775779376498801
桂林电子科技大学,哨兵,蓝侧-上路,173,1668,0.10371702637889688
桂林电子科技大学,哨兵,蓝侧-下路,61,1668,0.03657074340527578
桂林电子科技大学,哨兵,蓝侧-中路,441,1668,0.2643884892086331
桂林电子科技大学,工程,中场-上路,125,1660,0.07530120481927711
桂林电子科技大学,工程,中场-下路,154,1660,0.0927710843373494
桂林电子科技大学,工程,中场-中路,682,1660,0.4108433734939759
桂林电子科技大学,工程,红侧-下路,299,1660,0.18012048192771085
桂林电子科技大学,工程,红侧-中路,12,1660,0.007228915662650603
桂林电子科技大学,工程,蓝侧-上路,339,1660,0.20421686746987952
桂林电子科技大学,工程,蓝侧-下路,1,1660,0.0006024096385542169
桂林电子科技大学,工程,蓝侧-中路,48,1660,0.02891566265060241
桂林电子科技大学,步兵3,中场-上路,256,1654,0.154776299879081
桂林电子科技大学,步兵3,中场-下路,315,1654,0.19044740024183796
桂林电子科技大学,步兵3,中场-中路,184,1654,0.11124546553808948
桂林电子科技大学,步兵3,红侧-上路,197,1654,0.11910519951632406
桂林电子科技大学,步兵3,红侧-下路,94,1654,0.056831922611850064
桂林电子科技大学,步兵3,红侧-中路,84,1654,0.05078597339782346
桂林电子科技大学,步兵3,蓝侧-上路,244,1654,0.1475211608222491
桂林电子科技大学,步兵3,蓝侧-下路,87,1654,0.05259975816203144
桂林电子科技大学,步兵3,蓝侧-中路,193,1654,0.11668681983071343
桂林电子科技大学,步兵4,中场-上路,361,1627,0.22188076213890595
桂林电子科技大学,步兵4,中场-下路,356,1627,0.21880762138905963
桂林电子科技大学,步兵4,中场-中路,50,1627,0.03073140749846343
桂林电子科技大学,步兵4,红侧-上路,5,1627,0.003073140749846343
桂林电子科技大学,步兵4,红侧-下路,258,1627,0.1585740626920713
桂林电子科技大学,步兵4,红侧-中路,47,1627,0.028887523048555623
桂林电子科技大学,步兵4,蓝侧-上路,246,1627,0.15119852489244007
桂林电子科技大学,步兵4,蓝侧-下路,164,1627,0.10079901659496004
桂林电子科技大学,步兵4,蓝侧-中路,140,1627,0.0860479409956976
桂林电子科技大学,空中,中场-上路,553,1251,0.44204636290967225
桂林电子科技大学,空中,中场-下路,170,1251,0.13589128697042366
桂林电子科技大学,空中,红侧-上路,281,1251,0.2246203037569944
桂林电子科技大学,空中,蓝侧-下路,247,1251,0.19744204636290968
桂林电子科技大学,英雄,中场-上路,478,1659,0.28812537673297167
桂林电子科技大学,英雄,中场-下路,406,1659,0.24472573839662448
桂林电子科技大学,英雄,中场-中路,50,1659,0.030138637733574444
桂林电子科技大学,英雄,红侧-上路,90,1659,0.054249547920433995
桂林电子科技大学,英雄,红侧-下路,123,1659,0.07414104882459313
桂林电子科技大学,英雄,红侧-中路,116,1659,0.0699216395418927
桂林电子科技大学,英雄,蓝侧-上路,224,1659,0.1350210970464135
桂林电子科技大学,英雄,蓝侧-下路,20,1659,0.012055455093429777
桂林电子科技大学,英雄,蓝侧-中路,152,1659,0.0916214587100663
武汉工程大学,哨兵,中场-上路,260,1245,0.20883534136546184
武汉工程大学,哨兵,中场-下路,391,1245,0.3140562248995984
武汉工程大学,哨兵,中场-中路,25,1245,0.020080321285140562
武汉工程大学,哨兵,红侧-上路,8,1245,0.00642570281124498
武汉工程大学,哨兵,红侧-下路,40,1245,0.0321285140562249
武汉工程大学,哨兵,红侧-中路,114,1245,0.09156626506024096
武汉工程大学,哨兵,蓝侧-上路,246,1245,0.19759036144578312
武汉工程大学,哨兵,蓝侧-下路,14,1245,0.011244979919678716
武汉工程大学,哨兵,蓝侧-中路,147,1245,0.1180722891566265
武汉工程大学,工程,中场-上路,36,1249,0.028823058446757407
武汉工程大学,工程,中场-下路,23,1249,0.018414731785428344
武汉工程大学,工程,中场-中路,610,1249,0.48839071257005606
武汉工程大学,工程,红侧-上路,12,1249,0.009607686148919135
武汉工程大学,工程,红侧-下路,127,1249,0.10168134507606084
武汉工程大学,工程,红侧-中路,89,1249,0.07125700560448359
武汉工程大学,工程,蓝侧-上路,179,1249,0.1433146517213771
武汉工程大学,工程,蓝侧-下路,5,1249,0.0040032025620496394
武汉工程大学,工程,蓝侧-中路,168,1249,0.1345076060848679
武汉工程大学,步兵3,中场-上路,236,1241,0.19016921837228043
武汉工程大学,步兵3,中场-下路,235,1241,0.18936341659951653
武汉工程大学,步兵3,中场-中路,185,1241,0.14907332796132153
武汉工程大学,步兵3,红侧-上路,31,1241,0.0249798549556809
武汉工程大学,步兵3,红侧-下路,66,1241,0.0531829170024174
武汉工程大学,步兵3,红侧-中路,88,1241,0.07091055600322321
武汉工程大学,步兵3,蓝侧-上路,135,1241,0.10878323932312652
武汉工程大学,步兵3,蓝侧-下路,83,1241,0.06688154713940371
武汉工程大学,步兵3,蓝侧-中路,182,1241,0.14665592264302982
武汉工程大学,步兵4,中场-上路,310,1249,0.24819855884707767
武汉工程大学,步兵4,中场-下路,359,1249,0.28742994395516414
武汉工程大学,步兵4,中场-中路,40,1249,0.032025620496397116
武汉工程大学,步兵4,红侧-上路,11,1249,0.008807045636509208
武汉工程大学,步兵4,红侧-下路,59,1249,0.04723779023218575
武汉工程大学,步兵4,红侧-中路,80,1249,0.06405124099279423
武汉工程大学,步兵4,蓝侧-上路,156,1249,0.12489991993594876
武汉工程大学,步兵4,蓝侧-下路,45,1249,0.036028823058446756
武汉工程大学,步兵4,蓝侧-中路,189,1249,0.1513210568454764
武汉工程大学,空中,中场-上路,377,973,0.3874614594039055
武汉工程大学,空中,中场-下路,160,973,0.1644398766700925
武汉工程大学,空中,红侧-上路,179,973,0.18396711202466598
武汉工程大学,空中,蓝侧-下路,257,973,0.2641315519013361
武汉工程大学,英雄,中场-上路,22,1251,0.017585931254996003
武汉工程大学,英雄,中场-下路,63,1251,0.050359712230215826
武汉工程大学,英雄,中场-中路,3,1251,0.002398081534772182
武汉工程大学,英雄,红侧-上路,493,1251,0.39408473221422863
武汉工程大学,英雄,红侧-中路,54,1251,0.04316546762589928
武汉工程大学,英雄,蓝侧-上路,55,1251,0.04396482813749001
武汉工程大学,英雄,蓝侧-下路,280,1251,0.22382094324540366
武汉工程大学,英雄,蓝侧-中路,281,1251,0.2246203037569944
江南大学霞客湾校区,哨兵,中场-上路,253,1798,0.1407119021134594
江南大学霞客湾校区,哨兵,中场-下路,472,1798,0.2625139043381535
江南大学霞客湾校区,哨兵,中场-中路,26,1798,0.014460511679644048
江南大学霞客湾校区,哨兵,红侧-上路,166,1798,0.09232480533926585
江南大学霞客湾校区,哨兵,红侧-下路,325,1798,0.1807563959955506
江南大学霞客湾校区,哨兵,红侧-中路,221,1798,0.12291434927697442
江南大学霞客湾校区,哨兵,蓝侧-上路,4,1798,0.002224694104560623
江南大学霞客湾校区,哨兵,蓝侧-下路,162,1798,0.09010011123470522
江南大学霞客湾校区,哨兵,蓝侧-中路,169,1798,0.09399332591768632
江南大学霞客湾校区,工程,中场-上路,24,1804,0.013303769401330377
江南大学霞客湾校区,工程,中场-下路,13,1804,0.007206208425720621
江南大学霞客湾校区,工程,中场-中路,846,1804,0.46895787139689576
江南大学霞客湾校区,工程,红侧-下路,376,1804,0.20842572062084258
江南大学霞客湾校区,工程,红侧-中路,335,1804,0.18569844789356985
江南大学霞客湾校区,工程,蓝侧-上路,150,1804,0.08314855875831485
江南大学霞客湾校区,工程,蓝侧-下路,1,1804,0.0005543237250554324
江南大学霞客湾校区,工程,蓝侧-中路,59,1804,0.03270509977827051
江南大学霞客湾校区,步兵3,中场-上路,325,1793,0.18126045733407697
江南大学霞客湾校区,步兵3,中场-下路,359,1793,0.20022308979364195
江南大学霞客湾校区,步兵3,中场-中路,172,1793,0.09592861126603458
江南大学霞客湾校区,步兵3,红侧-上路,99,1793,0.05521472392638037
江南大学霞客湾校区,步兵3,红侧-下路,332,1793,0.18516452872281094
江南大学霞客湾校区,步兵3,红侧-中路,167,1793,0.09313998884551032
江南大学霞客湾校区,步兵3,蓝侧-上路,94,1793,0.05242610150585611
江南大学霞客湾校区,步兵3,蓝侧-下路,59,1793,0.03290574456218628
江南大学霞客湾校区,步兵3,蓝侧-中路,186,1793,0.10373675404350251
江南大学霞客湾校区,步兵4,中场-上路,354,1801,0.1965574680732926
江南大学霞客湾校区,步兵4,中场-下路,479,1801,0.2659633536923931
江南大学霞客湾校区,步兵4,中场-中路,306,1801,0.169905607995558
江南大学霞客湾校区,步兵4,红侧-上路,6,1801,0.003331482509716824
江南大学霞客湾校区,步兵4,红侧-下路,228,1801,0.1265963353692393
江南大学霞客湾校区,步兵4,红侧-中路,103,1801,0.05719044975013881
江南大学霞客湾校区,步兵4,蓝侧-上路,158,1801,0.08772903942254304
江南大学霞客湾校区,步兵4,蓝侧-下路,10,1801,0.00555247084952804
江南大学霞客湾校区,步兵4,蓝侧-中路,157,1801,0.08717379233759023
江南大学霞客湾校区,空中,中场-上路,1236,1799,0.6870483602001112
江南大学霞客湾校区,空中,中场-下路,214,1799,0.11895497498610338
江南大学霞客湾校区,空中,红侧-上路,154,1799,0.08560311284046693
江南大学霞客湾校区,空中,蓝侧-下路,195,1799,0.10839355197331851
江南大学霞客湾校区,英雄,中场-上路,595,1806,0.32945736434108525
江南大学霞客湾校区,英雄,中场-下路,296,1806,0.1638981173864895
江南大学霞客湾校区,英雄,中场-中路,139,1806,0.0769656699889258
江南大学霞客湾校区,英雄,红侧-上路,42,1806,0.023255813953488372
江南大学霞客湾校区,英雄,红侧-下路,361,1806,0.1998892580287929
江南大学霞客湾校区,英雄,红侧-中路,156,1806,0.08637873754152824
江南大学霞客湾校区,英雄,蓝侧-上路,165,1806,0.09136212624584718
江南大学霞客湾校区,英雄,蓝侧-下路,6,1806,0.0033222591362126247
江南大学霞客湾校区,英雄,蓝侧-中路,46,1806,0.02547065337763012
沈阳理工大学,哨兵,中场-上路,257,1251,0.20543565147881696
沈阳理工大学,哨兵,中场-中路,1,1251,0.0007993605115907274
沈阳理工大学,哨兵,红侧-上路,45,1251,0.03597122302158273
沈阳理工大学,哨兵,红侧-中路,392,1251,0.3133493205435651
沈阳理工大学,哨兵,蓝侧-下路,139,1251,0.1111111111111111
沈阳理工大学,哨兵,蓝侧-中路,417,1251,0.3333333333333333
沈阳理工大学,工程,中场-上路,41,1111,0.0369036903690369
沈阳理工大学,工程,中场-下路,18,1111,0.016201620162016202
沈阳理工大学,工程,中场-中路,299,1111,0.26912691269126915
沈阳理工大学,工程,红侧-上路,2,1111,0.0018001800180018
沈阳理工大学,工程,红侧-下路,341,1111,0.3069306930693069
沈阳理工大学,工程,红侧-中路,127,1111,0.11431143114311432
沈阳理工大学,工程,蓝侧-上路,283,1111,0.25472547254725475
沈阳理工大学,步兵3,中场-上路,475,1529,0.3106605624591236
沈阳理工大学,步兵3,中场-下路,270,1529,0.17658600392413343
沈阳理工大学,步兵3,中场-中路,109,1529,0.07128842380640942
沈阳理工大学,步兵3,红侧-上路,41,1529,0.026814911706998037
沈阳理工大学,步兵3,红侧-下路,170,1529,0.11118378024852844
沈阳理工大学,步兵3,红侧-中路,218,1529,0.14257684761281883
沈阳理工大学,步兵3,蓝侧-上路,136,1529,0.08894702419882276
沈阳理工大学,步兵3,蓝侧-下路,8,1529,0.005232177894048398
沈阳理工大学,步兵3,蓝侧-中路,102,1529,0.06671026814911707
沈阳理工大学,步兵4,中场-上路,395,1526,0.25884665792922673
沈阳理工大学,步兵4,中场-下路,266,1526,0.1743119266055046
沈阳理工大学,步兵4,中场-中路,64,1526,0.04193971166448231
沈阳理工大学,步兵4,红侧-上路,25,1526,0.0163826998689384
沈阳理工大学,步兵4,红侧-下路,215,1526,0.14089121887287026
沈阳理工大学,步兵4,红侧-中路,271,1526,0.17758846657929228
沈阳理工大学,步兵4,蓝侧-上路,152,1526,0.09960681520314547
沈阳理工大学,步兵4,蓝侧-下路,33,1526,0.02162516382699869
沈阳理工大学,步兵4,蓝侧-中路,105,1526,0.06880733944954129
沈阳理工大学,空中,中场-上路,386,1112,0.3471223021582734
沈阳理工大学,空中,中场-下路,531,1112,0.47751798561151076
沈阳理工大学,空中,红侧-上路,170,1112,0.1528776978417266
沈阳理工大学,空中,蓝侧-下路,25,1112,0.022482014388489208
沈阳理工大学,英雄,中场-上路,246,1526,0.16120576671035386
沈阳理工大学,英雄,中场-下路,309,1526,0.20249017038007863
沈阳理工大学,英雄,中场-中路,147,1526,0.0963302752293578
沈阳理工大学,英雄,红侧-上路,28,1526,0.01834862385321101
沈阳理工大学,英雄,红侧-下路,408,1526,0.2673656618610747
沈阳理工大学,英雄,红侧-中路,154,1526,0.10091743119266056
沈阳理工大学,英雄,蓝侧-上路,88,1526,0.057667103538663174
沈阳理工大学,英雄,蓝侧-下路,61,1526,0.0399737876802097
沈阳理工大学,英雄,蓝侧-中路,85,1526,0.055701179554390565
浙江大学,哨兵,中场-上路,409,1640,0.24939024390243902
浙江大学,哨兵,中场-下路,102,1640,0.06219512195121951
浙江大学,哨兵,中场-中路,139,1640,0.08475609756097562
浙江大学,哨兵,红侧-上路,26,1640,0.015853658536585366
浙江大学,哨兵,红侧-下路,137,1640,0.08353658536585366
浙江大学,哨兵,红侧-中路,103,1640,0.06280487804878049
浙江大学,哨兵,蓝侧-上路,392,1640,0.23902439024390243
浙江大学,哨兵,蓝侧-下路,5,1640,0.003048780487804878
浙江大学,哨兵,蓝侧-中路,327,1640,0.19939024390243903
浙江大学,工程,中场-上路,54,1667,0.03239352129574085
浙江大学,工程,中场-下路,36,1667,0.021595680863827234
浙江大学,工程,中场-中路,869,1667,0.5212957408518296
浙江大学,工程,红侧-上路,15,1667,0.008998200359928014
浙江大学,工程,红侧-下路,77,1667,0.04619076184763048
浙江大学,工程,红侧-中路,56,1667,0.033593281343731254
浙江大学,工程,蓝侧-上路,367,1667,0.22015596880623875
浙江大学,工程,蓝侧-下路,3,1667,0.001799640071985603
浙江大学,工程,蓝侧-中路,190,1667,0.11397720455908818
浙江大学,步兵3,中场-上路,223,1666,0.13385354141656663
浙江大学,步兵3,中场-下路,384,1666,0.2304921968787515
浙江大学,步兵3,中场-中路,17,1666,0.01020408163265306
浙江大学,步兵3,红侧-上路,23,1666,0.013805522208883553
浙江大学,步兵3,红侧-下路,141,1666,0.08463385354141657
浙江大学,步兵3,红侧-中路,128,1666,0.07683073229291716
浙江大学,步兵3,蓝侧-上路,472,1666,0.28331332533013204
浙江大学,步兵3,蓝侧-下路,37,1666,0.02220888355342137
浙江大学,步兵3,蓝侧-中路,241,1666,0.1446578631452581
浙江大学,步兵4,中场-上路,197,1642,0.11997563946406821
浙江大学,步兵4,中场-下路,264,1642,0.1607795371498173
浙江大学,步兵4,中场-中路,163,1642,0.09926918392204628
浙江大学,步兵4,红侧-上路,64,1642,0.0389768574908648
浙江大学,步兵4,红侧-下路,86,1642,0.05237515225334957
浙江大学,步兵4,红侧-中路,160,1642,0.09744214372716199
浙江大学,步兵4,蓝侧-上路,393,1642,0.23934226552984167
浙江大学,步兵4,蓝侧-下路,34,1642,0.020706455542021926
浙江大学,步兵4,蓝侧-中路,281,1642,0.17113276492082827
浙江大学,空中,中场-上路,97,1662,0.05836341756919374
浙江大学,空中,中场-下路,1010,1662,0.6077015643802648
浙江大学,空中,红侧-上路,181,1662,0.10890493381468111
浙江大学,空中,蓝侧-下路,374,1662,0.2250300842358604
浙江大学,英雄,中场-上路,405,1666,0.24309723889555823
浙江大学,英雄,中场-下路,618,1666,0.3709483793517407
浙江大学,英雄,中场-中路,10,1666,0.006002400960384154
浙江大学,英雄,红侧-上路,8,1666,0.004801920768307323
浙江大学,英雄,红侧-下路,100,1666,0.060024009603841535
浙江大学,英雄,红侧-中路,72,1666,0.04321728691476591
浙江大学,英雄,蓝侧-上路,182,1666,0.1092436974789916
浙江大学,英雄,蓝侧-下路,17,1666,0.01020408163265306
浙江大学,英雄,蓝侧-中路,254,1666,0.1524609843937575
深圳大学,哨兵,中场-上路,346,1527,0.2265880812049771
深圳大学,哨兵,中场-下路,191,1527,0.12508185985592665
深圳大学,哨兵,中场-中路,501,1527,0.3280943025540275
深圳大学,哨兵,红侧-上路,5,1527,0.0032743942370661427
深圳大学,哨兵,红侧-下路,83,1527,0.05435494433529797
深圳大学,哨兵,红侧-中路,290,1527,0.1899148657498363
深圳大学,哨兵,蓝侧-上路,40,1527,0.02619515389652914
深圳大学,哨兵,蓝侧-中路,71,1527,0.04649639816633923
深圳大学,工程,中场-上路,164,1515,0.10825082508250825
深圳大学,工程,中场-下路,63,1515,0.041584158415841586
深圳大学,工程,中场-中路,524,1515,0.3458745874587459
深圳大学,工程,红侧-上路,2,1515,0.0013201320132013201
深圳大学,工程,红侧-下路,402,1515,0.26534653465346536
深圳大学,工程,红侧-中路,64,1515,0.042244224422442245
深圳大学,工程,蓝侧-上路,200,1515,0.132013201320132
深圳大学,工程,蓝侧-下路,91,1515,0.06006600660066007
深圳大学,工程,蓝侧-中路,5,1515,0.0033003300330033004
深圳大学,步兵3,中场-上路,120,1529,0.07848266841072596
深圳大学,步兵3,中场-下路,183,1529,0.1196860693263571
深圳大学,步兵3,中场-中路,124,1529,0.08109875735775017
深圳大学,步兵3,红侧-上路,103,1529,0.06736429038587312
深圳大学,步兵3,红侧-下路,258,1529,0.16873773708306083
深圳大学,步兵3,红侧-中路,276,1529,0.18051013734466972
深圳大学,步兵3,蓝侧-上路,106,1529,0.06932635709614127
深圳大学,步兵3,蓝侧-下路,55,1529,0.03597122302158273
深圳大学,步兵3,蓝侧-中路,304,1529,0.1988227599738391
深圳大学,步兵4,中场-上路,101,1518,0.06653491436100131
深圳大学,步兵4,中场-下路,202,1518,0.13306982872200263
深圳大学,步兵4,中场-中路,272,1518,0.17918313570487485
深圳大学,步兵4,红侧-上路,93,1518,0.06126482213438735
深圳大学,步兵4,红侧-下路,210,1518,0.1383399209486166
深圳大学,步兵4,红侧-中路,219,1518,0.1442687747035573
深圳大学,步兵4,蓝侧-上路,108,1518,0.07114624505928854
深圳大学,步兵4,蓝侧-下路,62,1518,0.04084321475625823
深圳大学,步兵4,蓝侧-中路,251,1518,0.16534914361001318
深圳大学,空中,中场-上路,162,1250,0.1296
深圳大学,空中,中场-下路,130,1250,0.104
深圳大学,空中,红侧-上路,532,1250,0.4256
深圳大学,空中,蓝侧-下路,426,1250,0.3408
深圳大学,英雄,中场-上路,319,1524,0.20931758530183728
深圳大学,英雄,中场-下路,224,1524,0.14698162729658792
深圳大学,英雄,中场-中路,163,1524,0.10695538057742782
深圳大学,英雄,红侧-上路,18,1524,0.011811023622047244
深圳大学,英雄,红侧-下路,112,1524,0.07349081364829396
深圳大学,英雄,红侧-中路,246,1524,0.16141732283464566
深圳大学,英雄,蓝侧-上路,160,1524,0.10498687664041995
深圳大学,英雄,蓝侧-下路,6,1524,0.003937007874015748
深圳大学,英雄,蓝侧-中路,276,1524,0.18110236220472442
深圳技术大学,哨兵,中场-上路,150,1329,0.11286681715575621
深圳技术大学,哨兵,中场-下路,84,1329,0.06320541760722348
深圳技术大学,哨兵,中场-中路,25,1329,0.018811136192626036
深圳技术大学,哨兵,红侧-下路,82,1329,0.06170052671181339
深圳技术大学,哨兵,红侧-中路,292,1329,0.2197140707298721
深圳技术大学,哨兵,蓝侧-上路,490,1329,0.3686982693754703
深圳技术大学,哨兵,蓝侧-下路,9,1329,0.006772009029345372
深圳技术大学,哨兵,蓝侧-中路,197,1329,0.14823175319789314
深圳技术大学,工程,中场-上路,154,1332,0.11561561561561562
深圳技术大学,工程,中场-下路,51,1332,0.038288288288288286
深圳技术大学,工程,中场-中路,334,1332,0.25075075075075076
深圳技术大学,工程,红侧-下路,201,1332,0.15090090090090091
深圳技术大学,工程,红侧-中路,62,1332,0.046546546546546545
深圳技术大学,工程,蓝侧-上路,464,1332,0.3483483483483483
深圳技术大学,工程,蓝侧-下路,2,1332,0.0015015015015015015
深圳技术大学,工程,蓝侧-中路,64,1332,0.04804804804804805
深圳技术大学,步兵3,中场-上路,139,1347,0.10319227913882702
深圳技术大学,步兵3,中场-下路,263,1347,0.19524870081662954
深圳技术大学,步兵3,中场-中路,162,1347,0.12026726057906459
深圳技术大学,步兵3,红侧-上路,27,1347,0.0200445434298441
深圳技术大学,步兵3,红侧-下路,67,1347,0.04974016332590943
深圳技术大学,步兵3,红侧-中路,177,1347,0.13140311804008908
深圳技术大学,步兵3,蓝侧-上路,362,1347,0.26874536005939126
深圳技术大学,步兵3,蓝侧-下路,22,1347,0.016332590942835932
深圳技术大学,步兵3,蓝侧-中路,128,1347,0.09502598366740905
深圳技术大学,步兵4,中场-上路,416,1332,0.3123123123123123
深圳技术大学,步兵4,中场-下路,207,1332,0.1554054054054054
深圳技术大学,步兵4,中场-中路,109,1332,0.08183183183183183
深圳技术大学,步兵4,红侧-上路,25,1332,0.01876876876876877
深圳技术大学,步兵4,红侧-下路,64,1332,0.04804804804804805
深圳技术大学,步兵4,红侧-中路,102,1332,0.07657657657657657
深圳技术大学,步兵4,蓝侧-上路,221,1332,0.16591591591591592
深圳技术大学,步兵4,蓝侧-下路,20,1332,0.015015015015015015
深圳技术大学,步兵4,蓝侧-中路,168,1332,0.12612612612612611
深圳技术大学,空中,中场-上路,272,1347,0.20193021529324426
深圳技术大学,空中,中场-下路,517,1347,0.3838158871566444
深圳技术大学,空中,红侧-上路,145,1347,0.10764662212323682
深圳技术大学,空中,蓝侧-下路,413,1347,0.30660727542687455
深圳技术大学,英雄,中场-上路,187,1343,0.13924050632911392
深圳技术大学,英雄,中场-下路,234,1343,0.1742367833209233
深圳技术大学,英雄,中场-中路,35,1343,0.026061057334326135
深圳技术大学,英雄,红侧-上路,4,1343,0.0029784065524944155
深圳技术大学,英雄,红侧-下路,317,1343,0.23603871928518244
深圳技术大学,英雄,红侧-中路,96,1343,0.07148175725986597
深圳技术大学,英雄,蓝侧-上路,216,1343,0.16083395383469842
深圳技术大学,英雄,蓝侧-下路,11,1343,0.008190618019359643
深圳技术大学,英雄,蓝侧-中路,243,1343,0.18093819806403574
电子科技大学中山学院,哨兵,中场-上路,25,1240,0.020161290322580645
电子科技大学中山学院,哨兵,中场-下路,624,1240,0.5032258064516129
电子科技大学中山学院,哨兵,中场-中路,10,1240,0.008064516129032258
电子科技大学中山学院,哨兵,蓝侧-上路,220,1240,0.1774193548387097
电子科技大学中山学院,哨兵,蓝侧-下路,14,1240,0.01129032258064516
电子科技大学中山学院,哨兵,蓝侧-中路,347,1240,0.27983870967741936
电子科技大学中山学院,工程,中场-上路,37,1249,0.029623698959167333
电子科技大学中山学院,工程,中场-下路,117,1249,0.09367493995196156
电子科技大学中山学院,工程,中场-中路,519,1249,0.4155324259407526
电子科技大学中山学院,工程,红侧-下路,71,1249,0.05684547638110488
电子科技大学中山学院,工程,蓝侧-上路,258,1249,0.20656525220176142
电子科技大学中山学院,工程,蓝侧-中路,247,1249,0.1977582065652522
电子科技大学中山学院,步兵3,中场-上路,31,1247,0.024859663191659984
电子科技大学中山学院,步兵3,中场-下路,376,1247,0.301523656776263
电子科技大学中山学院,步兵3,中场-中路,58,1247,0.046511627906976744
电子科技大学中山学院,步兵3,红侧-中路,1,1247,0.0008019246190858059
电子科技大学中山学院,步兵3,蓝侧-上路,252,1247,0.2020850040096231
电子科技大学中山学院,步兵3,蓝侧-下路,195,1247,0.15637530072173217
电子科技大学中山学院,步兵3,蓝侧-中路,334,1247,0.2678428227746592
电子科技大学中山学院,步兵4,中场-上路,82,1249,0.0656525220176141
电子科技大学中山学院,步兵4,中场-下路,383,1249,0.3066453162530024
电子科技大学中山学院,步兵4,中场-中路,185,1249,0.14811849479583666
电子科技大学中山学院,步兵4,红侧-下路,29,1249,0.02321857485988791
电子科技大学中山学院,步兵4,红侧-中路,2,1249,0.0016012810248198558
电子科技大学中山学院,步兵4,蓝侧-上路,256,1249,0.20496397117694154
电子科技大学中山学院,步兵4,蓝侧-下路,32,1249,0.025620496397117692
电子科技大学中山学院,步兵4,蓝侧-中路,280,1249,0.22417934347477983
电子科技大学中山学院,空中,中场-下路,985,1251,0.7873701039168665
电子科技大学中山学院,空中,蓝侧-下路,266,1251,0.21262989608313348
电子科技大学中山学院,英雄,中场-上路,41,1249,0.03282626100880705
电子科技大学中山学院,英雄,中场-下路,582,1249,0.46597277822257804
电子科技大学中山学院,英雄,中场-中路,51,1249,0.04083266613290633
电子科技大学中山学院,英雄,红侧-下路,8,1249,0.006405124099279423
电子科技大学中山学院,英雄,蓝侧-上路,270,1249,0.21617293835068055
电子科技大学中山学院,英雄,蓝侧-下路,77,1249,0.06164931945556445
电子科技大学中山学院,英雄,蓝侧-中路,220,1249,0.17614091273018415
西北工业大学,哨兵,中场-上路,722,2918,0.24742974640164497
西北工业大学,哨兵,中场-下路,344,2918,0.11788896504455106
西北工业大学,哨兵,中场-中路,19,2918,0.0065113091158327625
西北工业大学,哨兵,红侧-上路,363,2918,0.12440027416038382
西北工业大学,哨兵,红侧-下路,466,2918,0.15969842357779301
西北工业大学,哨兵,红侧-中路,523,2918,0.1792323509252913
西北工业大学,哨兵,蓝侧-上路,96,2918,0.03289924605894448
西北工业大学,哨兵,蓝侧-下路,32,2918,0.010966415352981495
西北工业大学,哨兵,蓝侧-中路,353,2918,0.1209732693625771
西北工业大学,工程,中场-上路,272,2916,0.09327846364883402
西北工业大学,工程,中场-下路,207,2916,0.07098765432098765
西北工业大学,工程,中场-中路,870,2916,0.29835390946502055
西北工业大学,工程,红侧-上路,13,2916,0.004458161865569273
西北工业大学,工程,红侧-下路,774,2916,0.2654320987654321
西北工业大学,工程,红侧-中路,167,2916,0.05727023319615912
西北工业大学,工程,蓝侧-上路,514,2916,0.17626886145404663
西北工业大学,工程,蓝侧-下路,4,2916,0.0013717421124828531
西北工业大学,工程,蓝侧-中路,95,2916,0.032578875171467764
西北工业大学,步兵3,中场-上路,310,2917,0.10627356873500171
西北工业大学,步兵3,中场-下路,470,2917,0.16112444292080905
西北工业大学,步兵3,中场-中路,217,2917,0.0743914981145012
西北工业大学,步兵3,红侧-上路,192,2917,0.0658210490229688
西北工业大学,步兵3,红侧-下路,462,2917,0.15838189921151868
西北工业大学,步兵3,红侧-中路,503,2917,0.1724374357216318
西北工业大学,步兵3,蓝侧-上路,309,2917,0.10593075077134041
西北工业大学,步兵3,蓝侧-下路,116,2917,0.03976688378471032
西北工业大学,步兵3,蓝侧-中路,338,2917,0.115872471717518
西北工业大学,步兵4,中场-上路,544,2630,0.20684410646387832
西北工业大学,步兵4,中场-下路,496,2630,0.18859315589353612
西北工业大学,步兵4,中场-中路,170,2630,0.06463878326996197
西北工业大学,步兵4,红侧-上路,104,2630,0.03954372623574144
西北工业大学,步兵4,红侧-下路,329,2630,0.12509505703422052
西北工业大学,步兵4,红侧-中路,555,2630,0.21102661596958175
西北工业大学,步兵4,蓝侧-上路,119,2630,0.04524714828897338
西北工业大学,步兵4,蓝侧-下路,48,2630,0.018250950570342206
西北工业大学,步兵4,蓝侧-中路,265,2630,0.10076045627376426
西北工业大学,空中,中场-上路,1008,2363,0.4265763859500635
西北工业大学,空中,中场-下路,196,2363,0.082945408379179
西北工业大学,空中,红侧-上路,938,2363,0.3969530258146424
西北工业大学,空中,蓝侧-下路,221,2363,0.09352517985611511
西北工业大学,英雄,中场-下路,75,2918,0.02570253598355038
西北工业大学,英雄,红侧-上路,1178,2918,0.40370116518163124
西北工业大学,英雄,红侧-下路,248,2918,0.08498971898560657
西北工业大学,英雄,红侧-中路,659,2918,0.22583961617546264
西北工业大学,英雄,蓝侧-上路,239,2918,0.08190541466758053
西北工业大学,英雄,蓝侧-下路,301,2918,0.10315284441398218
西北工业大学,英雄,蓝侧-中路,218,2918,0.07470870459218643
西安交通大学,哨兵,中场-上路,418,972,0.43004115226337447
西安交通大学,哨兵,中场-下路,415,972,0.4269547325102881
西安交通大学,哨兵,中场-中路,1,972,0.00102880658436214
西安交通大学,哨兵,红侧-中路,10,972,0.0102880658436214
西安交通大学,哨兵,蓝侧-上路,34,972,0.03497942386831276
西安交通大学,哨兵,蓝侧-下路,30,972,0.030864197530864196
西安交通大学,哨兵,蓝侧-中路,64,972,0.06584362139917696
西安交通大学,工程,中场-上路,28,969,0.02889576883384933
西安交通大学,工程,中场-下路,19,969,0.0196078431372549
西安交通大学,工程,中场-中路,522,969,0.5386996904024768
西安交通大学,工程,红侧-下路,162,969,0.16718266253869968
西安交通大学,工程,红侧-中路,74,969,0.07636738906088751
西安交通大学,工程,蓝侧-上路,153,969,0.15789473684210525
西安交通大学,工程,蓝侧-中路,11,969,0.011351909184726523
西安交通大学,步兵3,中场-上路,120,973,0.12332990750256938
西安交通大学,步兵3,中场-下路,118,973,0.12127440904419322
西安交通大学,步兵3,中场-中路,212,973,0.21788283658787255
西安交通大学,步兵3,红侧-上路,37,973,0.03802672147995889
西安交通大学,步兵3,红侧-下路,62,973,0.06372045220966084
西安交通大学,步兵3,红侧-中路,58,973,0.05960945529290853
西安交通大学,步兵3,蓝侧-上路,96,973,0.0986639260020555
西安交通大学,步兵3,蓝侧-下路,43,973,0.044193216855087356
西安交通大学,步兵3,蓝侧-中路,227,973,0.23329907502569372
西安交通大学,步兵4,中场-上路,141,971,0.14521112255406798
西安交通大学,步兵4,中场-下路,169,971,0.17404737384140062
西安交通大学,步兵4,中场-中路,113,971,0.11637487126673532
西安交通大学,步兵4,红侧-上路,43,971,0.044284243048403706
西安交通大学,步兵4,红侧-下路,67,971,0.0690010298661174
西安交通大学,步兵4,红侧-中路,55,971,0.05664263645726056
西安交通大学,步兵4,蓝侧-上路,100,971,0.10298661174047374
西安交通大学,步兵4,蓝侧-下路,76,971,0.07826982492276004
西安交通大学,步兵4,蓝侧-中路,207,971,0.21318228630278063
西安交通大学,空中,中场-上路,199,695,0.28633093525179854
西安交通大学,空中,中场-下路,109,695,0.15683453237410072
西安交通大学,空中,红侧-上路,218,695,0.31366906474820144
西安交通大学,空中,蓝侧-下路,169,695,0.24316546762589927
西安交通大学,英雄,中场-上路,136,969,0.14035087719298245
西安交通大学,英雄,中场-下路,298,969,0.3075335397316821
西安交通大学,英雄,中场-中路,92,969,0.09494324045407637
西安交通大学,英雄,红侧-上路,90,969,0.09287925696594428
西安交通大学,英雄,红侧-下路,58,969,0.05985552115583075
西安交通大学,英雄,红侧-中路,114,969,0.11764705882352941
西安交通大学,英雄,蓝侧-上路,43,969,0.04437564499484004
西安交通大学,英雄,蓝侧-下路,54,969,0.05572755417956656
西安交通大学,英雄,蓝侧-中路,84,969,0.08668730650154799
西安电子科技大学,哨兵,中场-下路,457,1250,0.3656
西安电子科技大学,哨兵,蓝侧-上路,39,1250,0.0312
西安电子科技大学,哨兵,蓝侧-下路,50,1250,0.04
西安电子科技大学,哨兵,蓝侧-中路,704,1250,0.5632
西安电子科技大学,工程,中场-上路,124,1251,0.0991207034372502
西安电子科技大学,工程,中场-下路,129,1251,0.10311750599520383
西安电子科技大学,工程,中场-中路,373,1251,0.2981614708233413
西安电子科技大学,工程,红侧-下路,28,1251,0.02238209432454037
西安电子科技大学,工程,蓝侧-上路,566,1251,0.4524380495603517
西安电子科技大学,工程,蓝侧-下路,2,1251,0.0015987210231814548
西安电子科技大学,工程,蓝侧-中路,29,1251,0.023181454836131096
西安电子科技大学,步兵3,中场-上路,250,1251,0.19984012789768185
西安电子科技大学,步兵3,中场-下路,174,1251,0.13908872901678657
西安电子科技大学,步兵3,中场-中路,145,1251,0.11590727418065548
西安电子科技大学,步兵3,红侧-上路,11,1251,0.008792965627498001
西安电子科技大学,步兵3,红侧-下路,51,1251,0.0407673860911271
西安电子科技大学,步兵3,红侧-中路,86,1251,0.06874500399680256
西安电子科技大学,步兵3,蓝侧-上路,259,1251,0.2070343725019984
西安电子科技大学,步兵3,蓝侧-下路,11,1251,0.008792965627498001
西安电子科技大学,步兵3,蓝侧-中路,264,1251,0.21103117505995203
西安电子科技大学,步兵4,中场-上路,283,1246,0.22712680577849118
西安电子科技大学,步兵4,中场-下路,268,1246,0.21508828250401285
西安电子科技大学,步兵4,中场-中路,216,1246,0.17335473515248795
西安电子科技大学,步兵4,红侧-上路,7,1246,0.0056179775280898875
西安电子科技大学,步兵4,红侧-下路,53,1246,0.04253611556982344
西安电子科技大学,步兵4,红侧-中路,27,1246,0.021669341894060994
西安电子科技大学,步兵4,蓝侧-上路,281,1246,0.22552166934189405
西安电子科技大学,步兵4,蓝侧-下路,5,1246,0.0040128410914927765
西安电子科技大学,步兵4,蓝侧-中路,106,1246,0.08507223113964688
西安电子科技大学,空中,中场-下路,1175,1251,0.9392486011191047
西安电子科技大学,空中,蓝侧-下路,76,1251,0.060751398880895285
西安电子科技大学,英雄,中场-上路,6,1245,0.004819277108433735
西安电子科技大学,英雄,中场-下路,102,1245,0.0819277108433735
西安电子科技大学,英雄,蓝侧-上路,68,1245,0.05461847389558233
西安电子科技大学,英雄,蓝侧-下路,846,1245,0.6795180722891566
西安电子科技大学,英雄,蓝侧-中路,223,1245,0.1791164658634538
长安大学,哨兵,中场-上路,441,1668,0.2643884892086331
长安大学,哨兵,中场-下路,136,1668,0.0815347721822542
长安大学,哨兵,中场-中路,28,1668,0.016786570743405275
长安大学,哨兵,红侧-上路,299,1668,0.17925659472422062
长安大学,哨兵,红侧-下路,146,1668,0.08752997601918465
长安大学,哨兵,红侧-中路,361,1668,0.21642685851318944
长安大学,哨兵,蓝侧-下路,167,1668,0.10011990407673861
长安大学,哨兵,蓝侧-中路,90,1668,0.0539568345323741
长安大学,工程,中场-上路,152,1662,0.0914560770156438
长安大学,工程,中场-下路,67,1662,0.040312876052948254
长安大学,工程,中场-中路,308,1662,0.18531889290012032
长安大学,工程,红侧-上路,3,1662,0.0018050541516245488
长安大学,工程,红侧-下路,774,1662,0.4657039711191336
长安大学,工程,红侧-中路,121,1662,0.07280385078219014
长安大学,工程,蓝侧-上路,237,1662,0.14259927797833935
长安大学,步兵3,中场-上路,259,1666,0.15546218487394958
长安大学,步兵3,中场-下路,147,1666,0.08823529411764706
长安大学,步兵3,中场-中路,13,1666,0.0078031212484993995
长安大学,步兵3,红侧-上路,49,1666,0.029411764705882353
长安大学,步兵3,红侧-下路,551,1666,0.3307322929171669
长安大学,步兵3,红侧-中路,318,1666,0.1908763505402161
长安大学,步兵3,蓝侧-上路,209,1666,0.12545018007202882
长安大学,步兵3,蓝侧-下路,5,1666,0.003001200480192077
长安大学,步兵3,蓝侧-中路,115,1666,0.06902761104441776
长安大学,步兵4,中场-上路,322,1668,0.19304556354916066
长安大学,步兵4,中场-下路,441,1668,0.2643884892086331
长安大学,步兵4,中场-中路,19,1668,0.011390887290167866
长安大学,步兵4,红侧-上路,25,1668,0.01498800959232614
长安大学,步兵4,红侧-下路,457,1668,0.27398081534772184
长安大学,步兵4,红侧-中路,206,1668,0.12350119904076738
长安大学,步兵4,蓝侧-上路,152,1668,0.09112709832134293
长安大学,步兵4,蓝侧-下路,2,1668,0.001199040767386091
长安大学,步兵4,蓝侧-中路,44,1668,0.026378896882494004
长安大学,空中,中场-上路,676,1529,0.4421190320470896
长安大学,空中,中场-下路,304,1529,0.1988227599738391
长安大学,空中,红侧-上路,436,1529,0.28515369522563766
长安大学,空中,蓝侧-下路,113,1529,0.07390451275343361
长安大学,英雄,中场-上路,269,1668,0.16127098321342925
长安大学,英雄,中场-下路,191,1668,0.1145083932853717
长安大学,英雄,中场-中路,2,1668,0.001199040767386091
长安大学,英雄,红侧-上路,58,1668,0.03477218225419664
长安大学,英雄,红侧-下路,306,1668,0.18345323741007194
长安大学,英雄,红侧-中路,582,1668,0.3489208633093525
长安大学,英雄,蓝侧-上路,46,1668,0.027577937649880094
长安大学,英雄,蓝侧-下路,94,1668,0.05635491606714628
长安大学,英雄,蓝侧-中路,120,1668,0.07194244604316546
