game_id,阵营,学校名,机器人类型,x,y,samples,赛区,场次号,局号,是否胜方
1778936758019,红,东莞理工学院,哨兵,9.556633333333334,11.315933333333334,30,南部赛区,76,1,1
1778936758019,红,东莞理工学院,工程,2.0243333333333333,1.6383703703703703,27,南部赛区,76,1,1
1778936758019,红,东莞理工学院,步兵3,7.5707,9.669866666666667,30,南部赛区,76,1,1
1778936758019,红,东莞理工学院,空中,10.313833333333333,13.4436,30,南部赛区,76,1,1
1778936758019,红,东莞理工学院,英雄,2.3645,9.580900000000002,30,南部赛区,76,1,1
1778936758019,蓝,华南理工大学,哨兵,18.51973333333333,3.8658,30,南部赛区,76,1,0
1778936758019,蓝,华南理工大学,工程,26.118533333333335,13.2556,30,南部赛区,76,1,0
1778936758019,蓝,华南理工大学,步兵3,18.37291304347826,10.955,23,南部赛区,76,1,0
1778936758019,蓝,华南理工大学,步兵4,21.8404,3.2909333333333333,30,南部赛区,76,1,0
1778936758019,蓝,华南理工大学,空中,17.496766666666666,2.0273666666666665,30,南部赛区,76,1,0
1778936758019,蓝,华南理工大学,英雄,20.2418,9.499766666666666,30,南部赛区,76,1,0
1778937468211,红,东莞理工学院,哨兵,9.864466666666667,11.381866666666667,30,南部赛区,76,2,0
1778937468211,红,东莞理工学院,工程,3.0953333333333335,2.9469333333333334,30,南部赛区,76,2,0
1778937468211,红,东莞理工学院,步兵3,3.2168,8.068033333333334,30,南部赛区,76,2,0
1778937468211,红,东莞理工学院,步兵4,1.6509666666666667,5.0985000000000005,30,南部赛区,76,2,0
1778937468211,红,东莞理工学院,空中,10.321566666666666,13.436133333333334,30,南部赛区,76,2,0
1778937468211,红,东莞理工学院,英雄,0.8663666666666666,8.173066666666667,30,南部赛区,76,2,0
1778937468211,蓝,华南理工大学,哨兵,18.348733333333332,3.7718,30,南部赛区,76,2,1
1778937468211,蓝,华南理工大学,工程,26.07793333333333,13.339933333333333,30,南部赛区,76,2,1
1778937468211,蓝,华南理工大学,步兵3,21.266399999999997,9.416066666666667,30,南部赛区,76,2,1
1778937468211,蓝,华南理工大学,步兵4,20.389599999999998,4.292933333333334,30,南部赛区,76,2,1
1778937468211,蓝,华南理工大学,空中,17.2715,2.0288666666666666,30,南部赛区,76,2,1
1778937468211,蓝,华南理工大学,英雄,19.523466666666664,4.0803,30,南部赛区,76,2,1
1778938334290,红,东莞理工学院,哨兵,9.711166666666665,11.479700000000001,30,南部赛区,76,3,1
1778938334290,红,东莞理工学院,工程,3.6814666666666667,3.3311,30,南部赛区,76,3,1
1778938334290,红,东莞理工学院,步兵3,7.087066666666667,11.663066666666667,30,南部赛区,76,3,1
1778938334290,红,东莞理工学院,步兵4,8.4672,3.7441999999999998,30,南部赛区,76,3,1
1778938334290,红,东莞理工学院,空中,11.1861,13.450333333333333,30,南部赛区,76,3,1
1778938334290,红,东莞理工学院,英雄,2.9505666666666666,10.175366666666667,30,南部赛区,76,3,1
1778938334290,蓝,华南理工大学,哨兵,18.196966666666665,3.7020333333333335,30,南部赛区,76,3,0
1778938334290,蓝,华南理工大学,工程,26.135333333333335,13.284533333333334,30,南部赛区,76,3,0
1778938334290,蓝,华南理工大学,步兵3,19.888766666666665,8.351066666666666,30,南部赛区,76,3,0
1778938334290,蓝,华南理工大学,步兵4,21.7747,6.194366666666666,30,南部赛区,76,3,0
1778938334290,蓝,华南理工大学,空中,17.606366666666666,1.9417,30,南部赛区,76,3,0
1778938334290,蓝,华南理工大学,英雄,17.906533333333336,2.9609666666666663,30,南部赛区,76,3,0
1778998192727,红,广州城市理工学院,哨兵,9.458866666666667,10.960166666666668,30,南部赛区,87,1,0
1778998192727,红,广州城市理工学院,工程,2.0886666666666667,1.4462666666666666,30,南部赛区,87,1,0
1778998192727,红,广州城市理工学院,步兵3,10.46903448275862,1.5456206896551725,29,南部赛区,87,1,0
1778998192727,红,广州城市理工学院,步兵4,8.337266666666666,11.1963,30,南部赛区,87,1,0
1778998192727,红,广州城市理工学院,空中,11.625166666666667,12.720166666666668,30,南部赛区,87,1,0
1778998192727,红,广州城市理工学院,英雄,4.4957,11.029066666666667,30,南部赛区,87,1,0
1778998192727,蓝,东莞理工学院,哨兵,18.4768,3.8940333333333332,30,南部赛区,87,1,1
1778998192727,蓝,东莞理工学院,工程,24.10786206896552,11.47248275862069,29,南部赛区,87,1,1
1778998192727,蓝,东莞理工学院,步兵3,19.5383,2.8747,30,南部赛区,87,1,1
1778998192727,蓝,东莞理工学院,步兵4,19.719833333333334,11.406566666666667,30,南部赛区,87,1,1
1778998192727,蓝,东莞理工学院,空中,17.2989,1.845,30,南部赛区,87,1,1
1778998192727,蓝,东莞理工学院,英雄,23.450666666666667,3.4605333333333332,30,南部赛区,87,1,1
1778998916450,红,广州城市理工学院,哨兵,10.0162,12.105533333333334,30,南部赛区,87,2,1
1778998916450,红,广州城市理工学院,工程,2.1784827586206896,1.3840000000000001,29,南部赛区,87,2,1
1778998916450,红,广州城市理工学院,步兵3,6.3755,10.2605,30,南部赛区,87,2,1
1778998916450,红,广州城市理工学院,步兵4,8.5431,4.758333333333334,30,南部赛区,87,2,1
1778998916450,红,广州城市理工学院,空中,11.442499999999999,12.9968,30,南部赛区,87,2,1
1778998916450,红,广州城市理工学院,英雄,4.218233333333333,11.4355,30,南部赛区,87,2,1
1778998916450,蓝,东莞理工学院,哨兵,18.810133333333333,3.997,30,南部赛区,87,2,0
1778998916450,蓝,东莞理工学院,工程,25.69046666666667,12.691266666666667,30,南部赛区,87,2,0
1778998916450,蓝,东莞理工学院,步兵3,20.7263,3.0325333333333333,30,南部赛区,87,2,0
1778998916450,蓝,东莞理工学院,步兵4,20.001266666666666,11.4337,30,南部赛区,87,2,0
1778998916450,蓝,东莞理工学院,空中,17.120266666666666,1.8801333333333334,30,南部赛区,87,2,0
1778998916450,蓝,东莞理工学院,英雄,24.148466666666664,3.9631666666666665,30,南部赛区,87,2,0
1779000203795,红,广州城市理工学院,哨兵,10.0344,12.1028,30,南部赛区,87,3,1
1779000203795,红,广州城市理工学院,工程,2.2465333333333333,1.1160666666666665,30,南部赛区,87,3,1
1779000203795,红,广州城市理工学院,步兵3,6.5963666666666665,11.315466666666667,30,南部赛区,87,3,1
1779000203795,红,广州城市理工学院,步兵4,9.129966666666666,3.8422666666666667,30,南部赛区,87,3,1
1779000203795,红,广州城市理工学院,空中,10.655966666666666,12.917233333333334,30,南部赛区,87,3,1
1779000203795,红,广州城市理工学院,英雄,4.4025,8.463366666666667,30,南部赛区,87,3,1
1779000203795,蓝,东莞理工学院,哨兵,19.628033333333335,5.5016,30,南部赛区,87,3,0
1779000203795,蓝,东莞理工学院,工程,24.6795,12.017633333333333,30,南部赛区,87,3,0
1779000203795,蓝,东莞理工学院,步兵3,21.370066666666666,3.9539666666666666,30,南部赛区,87,3,0
1779000203795,蓝,东莞理工学院,步兵4,19.8277,11.606633333333333,30,南部赛区,87,3,0
1779000203795,蓝,东莞理工学院,空中,20.3197,1.7115,30,南部赛区,87,3,0
1779000203795,蓝,东莞理工学院,英雄,23.793499999999998,3.119466666666667,30,南部赛区,87,3,0
1779000910062,红,广州城市理工学院,哨兵,9.054866666666667,11.211166666666665,30,南部赛区,87,4,1
1779000910062,红,广州城市理工学院,工程,2.4136,1.6252666666666664,30,南部赛区,87,4,1
1779000910062,红,广州城市理工学院,步兵3,6.5763,11.293866666666666,30,南部赛区,87,4,1
1779000910062,红,广州城市理工学院,步兵4,9.195566666666668,3.8909333333333334,30,南部赛区,87,4,1
1779000910062,红,广州城市理工学院,空中,10.141133333333332,12.949266666666666,30,南部赛区,87,4,1
1779000910062,红,广州城市理工学院,英雄,4.0089999999999995,10.888966666666667,30,南部赛区,87,4,1
1779000910062,蓝,东莞理工学院,哨兵,18.762766666666668,4.1383,30,南部赛区,87,4,0
1779000910062,蓝,东莞理工学院,工程,26.043833333333335,13.4667,30,南部赛区,87,4,0
1779000910062,蓝,东莞理工学院,步兵3,19.671699999999998,2.9002333333333334,30,南部赛区,87,4,0
1779000910062,蓝,东莞理工学院,步兵4,22.932766666666666,10.0091,30,南部赛区,87,4,0
1779000910062,蓝,东莞理工学院,空中,16.925866666666668,1.7582666666666666,30,南部赛区,87,4,0
1779000910062,蓝,东莞理工学院,英雄,25.823833333333333,6.1691666666666665,30,南部赛区,87,4,0
1779001883111,红,五邑大学,哨兵,9.405733333333334,11.563233333333333,30,南部赛区,88,1,0
1779001883111,红,五邑大学,工程,2.1582333333333334,1.1557,30,南部赛区,88,1,0
1779001883111,红,五邑大学,步兵3,8.231866666666667,4.924666666666667,30,南部赛区,88,1,0
1779001883111,红,五邑大学,步兵4,8.666,11.2125,30,南部赛区,88,1,0
1779001883111,红,五邑大学,空中,10.992133333333333,12.793666666666667,30,南部赛区,88,1,0
1779001883111,红,五邑大学,英雄,6.2717,7.945966666666666,30,南部赛区,88,1,0
1779001883111,蓝,华南农业大学,哨兵,18.40056666666667,4.096633333333333,30,南部赛区,88,1,1
1779001883111,蓝,华南农业大学,工程,25.830533333333335,13.741966666666666,30,南部赛区,88,1,1
1779001883111,蓝,华南农业大学,步兵3,18.517133333333334,12.4863,30,南部赛区,88,1,1
1779001883111,蓝,华南农业大学,步兵4,20.500666666666667,5.1780333333333335,30,南部赛区,88,1,1
1779001883111,蓝,华南农业大学,空中,17.5385,2.0809,30,南部赛区,88,1,1
1779001883111,蓝,华南农业大学,英雄,18.8354,3.8808000000000002,30,南部赛区,88,1,1
1779002815710,红,五邑大学,哨兵,9.619733333333333,11.553433333333334,30,南部赛区,88,2,0
1779002815710,红,五邑大学,工程,2.1837666666666666,1.2506666666666668,30,南部赛区,88,2,0
1779002815710,红,五邑大学,步兵3,8.1527,5.710033333333333,30,南部赛区,88,2,0
1779002815710,红,五邑大学,步兵4,9.062666666666667,11.367866666666666,30,南部赛区,88,2,0
1779002815710,红,五邑大学,空中,9.229133333333333,12.9999,30,南部赛区,88,2,0
1779002815710,红,五邑大学,英雄,5.348466666666667,8.501066666666667,30,南部赛区,88,2,0
1779002815710,蓝,华南农业大学,哨兵,18.50583333333333,4.0959666666666665,30,南部赛区,88,2,1
1779002815710,蓝,华南农业大学,工程,25.957633333333334,13.842333333333332,30,南部赛区,88,2,1
1779002815710,蓝,华南农业大学,步兵3,18.5971,12.461433333333334,30,南部赛区,88,2,1
1779002815710,蓝,华南农业大学,步兵4,20.813766666666666,4.7428333333333335,30,南部赛区,88,2,1
1779002815710,蓝,华南农业大学,空中,20.588133333333335,1.9403333333333335,30,南部赛区,88,2,1
1779002815710,蓝,华南农业大学,英雄,19.638966666666665,4.491233333333333,30,南部赛区,88,2,1
1779004144178,红,五邑大学,哨兵,6.167833333333333,7.348566666666667,30,南部赛区,88,3,0
1779004144178,红,五邑大学,工程,2.1848,1.2539333333333333,30,南部赛区,88,3,0
1779004144178,红,五邑大学,步兵3,7.8698,6.0564,30,南部赛区,88,3,0
1779004144178,红,五邑大学,步兵4,9.8726,11.7109,30,南部赛区,88,3,0
1779004144178,红,五邑大学,空中,9.008833333333333,12.923233333333334,30,南部赛区,88,3,0
1779004144178,红,五邑大学,英雄,7.371266666666667,10.0237,30,南部赛区,88,3,0
1779004144178,蓝,华南农业大学,哨兵,20.191966666666666,10.9811,30,南部赛区,88,3,1
1779004144178,蓝,华南农业大学,工程,25.894333333333336,13.8929,30,南部赛区,88,3,1
1779004144178,蓝,华南农业大学,步兵3,18.37425,12.592392857142856,28,南部赛区,88,3,1
1779004144178,蓝,华南农业大学,步兵4,20.55186666666667,4.9673,30,南部赛区,88,3,1
1779004144178,蓝,华南农业大学,空中,20.4163,1.9465666666666666,30,南部赛区,88,3,1
1779004144178,蓝,华南农业大学,英雄,18.662666666666667,3.9911333333333334,30,南部赛区,88,3,1
1779615070122,红,哈尔滨工业大学（深圳）,哨兵,9.984966666666667,11.549399999999999,30,东部赛区,73,1,0
1779615070122,红,哈尔滨工业大学（深圳）,工程,2.4536666666666664,1.3768333333333334,30,东部赛区,73,1,0
1779615070122,红,哈尔滨工业大学（深圳）,步兵3,4.1917333333333335,6.469666666666667,30,东部赛区,73,1,0
1779615070122,红,哈尔滨工业大学（深圳）,步兵4,11.5678,12.440233333333333,30,东部赛区,73,1,0
1779615070122,红,哈尔滨工业大学（深圳）,空中,3.0542333333333334,13.723700000000001,30,东部赛区,73,1,0
1779615070122,红,哈尔滨工业大学（深圳）,英雄,7.1935,9.935599999999999,30,东部赛区,73,1,0
1779615070122,蓝,中国科学技术大学,哨兵,18.0579,2.6273333333333335,30,东部赛区,73,1,1
1779615070122,蓝,中国科学技术大学,工程,25.83673333333333,13.772666666666668,30,东部赛区,73,1,1
1779615070122,蓝,中国科学技术大学,步兵3,21.030033333333332,4.177933333333333,30,东部赛区,73,1,1
1779615070122,蓝,中国科学技术大学,步兵4,19.792733333333334,10.414366666666666,30,东部赛区,73,1,1
1779615070122,蓝,中国科学技术大学,空中,16.665133333333333,2.877866666666667,30,东部赛区,73,1,1
1779615070122,蓝,中国科学技术大学,英雄,19.30003333333333,4.762666666666666,30,东部赛区,73,1,1
1779615925143,红,哈尔滨工业大学（深圳）,哨兵,9.961333333333334,11.696033333333334,30,东部赛区,73,2,1
1779615925143,红,哈尔滨工业大学（深圳）,工程,2.4106333333333336,1.3051666666666668,30,东部赛区,73,2,1
1779615925143,红,哈尔滨工业大学（深圳）,步兵3,8.541066666666666,4.669333333333333,30,东部赛区,73,2,1
1779615925143,红,哈尔滨工业大学（深圳）,步兵4,11.401,12.490241379310344,29,东部赛区,73,2,1
1779615925143,红,哈尔滨工业大学（深圳）,空中,9.7802,12.523366666666668,30,东部赛区,73,2,1
1779615925143,红,哈尔滨工业大学（深圳）,英雄,6.651166666666667,8.7353,30,东部赛区,73,2,1
1779615925143,蓝,中国科学技术大学,哨兵,14.416033333333333,3.8772,30,东部赛区,73,2,0
1779615925143,蓝,中国科学技术大学,工程,25.88136666666667,13.977466666666666,30,东部赛区,73,2,0
1779615925143,蓝,中国科学技术大学,步兵3,17.944566666666667,6.851566666666667,30,东部赛区,73,2,0
1779615925143,蓝,中国科学技术大学,步兵4,20.119633333333333,10.205533333333333,30,东部赛区,73,2,0
1779615925143,蓝,中国科学技术大学,空中,16.562666666666665,1.9779000000000002,30,东部赛区,73,2,0
1779615925143,蓝,中国科学技术大学,英雄,21.487310344827588,10.399586206896553,29,东部赛区,73,2,0
1779616628393,红,哈尔滨工业大学（深圳）,哨兵,9.856300000000001,11.627,30,东部赛区,73,3,1
1779616628393,红,哈尔滨工业大学（深圳）,工程,2.4893,1.4753666666666667,30,东部赛区,73,3,1
1779616628393,红,哈尔滨工业大学（深圳）,步兵3,8.429266666666667,4.6383,30,东部赛区,73,3,1
1779616628393,红,哈尔滨工业大学（深圳）,步兵4,10.385166666666667,12.350999999999999,30,东部赛区,73,3,1
1779616628393,红,哈尔滨工业大学（深圳）,空中,9.0397,12.620800000000001,30,东部赛区,73,3,1
1779616628393,红,哈尔滨工业大学（深圳）,英雄,5.622833333333333,7.413966666666667,30,东部赛区,73,3,1
1779616628393,蓝,中国科学技术大学,哨兵,17.639533333333336,2.7379000000000002,30,东部赛区,73,3,0
1779616628393,蓝,中国科学技术大学,工程,25.944833333333335,14.0568,30,东部赛区,73,3,0
1779616628393,蓝,中国科学技术大学,步兵3,18.092464285714286,6.945714285714286,28,东部赛区,73,3,0
1779616628393,蓝,中国科学技术大学,步兵4,19.889633333333332,10.411366666666668,30,东部赛区,73,3,0
1779616628393,蓝,中国科学技术大学,空中,17.091133333333335,2.3177333333333334,30,东部赛区,73,3,0
1779616628393,蓝,中国科学技术大学,英雄,23.259166666666665,7.784966666666667,30,东部赛区,73,3,0
1779629878921,红,中国石油大学（华东）,哨兵,9.128133333333333,11.846066666666667,30,东部赛区,78,1,1
1779629878921,红,中国石油大学（华东）,工程,2.4217333333333335,1.423533333333333,30,东部赛区,78,1,1
1779629878921,红,中国石油大学（华东）,步兵3,8.537666666666667,3.9690999999999996,30,东部赛区,78,1,1
1779629878921,红,中国石油大学（华东）,步兵4,8.147333333333332,8.167333333333334,30,东部赛区,78,1,1
1779629878921,红,中国石油大学（华东）,空中,12.393400000000002,13.368633333333333,30,东部赛区,78,1,1
1779629878921,红,中国石油大学（华东）,英雄,12.385700000000002,5.656166666666667,30,东部赛区,78,1,1
1779629878921,蓝,哈尔滨工业大学（深圳）,哨兵,18.576999999999998,3.3710999999999998,30,东部赛区,78,1,0
1779629878921,蓝,哈尔滨工业大学（深圳）,工程,25.684433333333335,13.855033333333333,30,东部赛区,78,1,0
1779629878921,蓝,哈尔滨工业大学（深圳）,步兵3,20.001033333333332,9.577866666666667,30,东部赛区,78,1,0
1779629878921,蓝,哈尔滨工业大学（深圳）,步兵4,18.229666666666667,3.0271333333333335,30,东部赛区,78,1,0
1779629878921,蓝,哈尔滨工业大学（深圳）,空中,21.245133333333335,2.205033333333333,30,东部赛区,78,1,0
1779629878921,蓝,哈尔滨工业大学（深圳）,英雄,23.990000000000002,7.662599999999999,30,东部赛区,78,1,0
1779630576623,红,中国石油大学（华东）,哨兵,9.354000000000001,11.697633333333332,30,东部赛区,78,2,1
1779630576623,红,中国石油大学（华东）,工程,2.3819999999999997,1.5540333333333334,30,东部赛区,78,2,1
1779630576623,红,中国石油大学（华东）,步兵3,6.832933333333333,4.6144,30,东部赛区,78,2,1
1779630576623,红,中国石油大学（华东）,步兵4,8.320833333333333,8.4989,30,东部赛区,78,2,1
1779630576623,红,中国石油大学（华东）,空中,12.521466666666667,13.2588,30,东部赛区,78,2,1
1779630576623,红,中国石油大学（华东）,英雄,7.386266666666667,7.286633333333333,30,东部赛区,78,2,1
1779630576623,蓝,哈尔滨工业大学（深圳）,哨兵,18.526433333333333,3.345766666666667,30,东部赛区,78,2,0
1779630576623,蓝,哈尔滨工业大学（深圳）,工程,25.680233333333334,13.848033333333332,30,东部赛区,78,2,0
1779630576623,蓝,哈尔滨工业大学（深圳）,步兵3,19.46676666666667,10.155,30,东部赛区,78,2,0
1779630576623,蓝,哈尔滨工业大学（深圳）,步兵4,18.9035,3.2569999999999997,30,东部赛区,78,2,0
1779630576623,蓝,哈尔滨工业大学（深圳）,空中,24.079379310344827,1.9100689655172416,29,东部赛区,78,2,0
1779630576623,蓝,哈尔滨工业大学（深圳）,英雄,21.081500000000002,5.4793666666666665,30,东部赛区,78,2,0
1779689998185,红,合肥工业大学（宣城校区）,哨兵,9.814033333333333,11.998766666666667,30,东部赛区,87,1,1
1779689998185,红,合肥工业大学（宣城校区）,工程,2.2699333333333334,1.3598333333333334,30,东部赛区,87,1,1
1779689998185,红,合肥工业大学（宣城校区）,步兵3,12.073266666666665,8.091433333333333,30,东部赛区,87,1,1
1779689998185,红,合肥工业大学（宣城校区）,步兵4,10.168233333333335,4.7449,30,东部赛区,87,1,1
1779689998185,红,合肥工业大学（宣城校区）,空中,5.9063,13.081666666666667,30,东部赛区,87,1,1
1779689998185,红,合肥工业大学（宣城校区）,英雄,8.812533333333333,11.175666666666666,30,东部赛区,87,1,1
1779689998185,蓝,浙江大学,哨兵,18.0429,9.350666666666665,30,东部赛区,87,1,0
1779689998185,蓝,浙江大学,工程,25.9199,13.455733333333333,30,东部赛区,87,1,0
1779689998185,蓝,浙江大学,步兵3,18.370866666666664,4.148766666666666,30,东部赛区,87,1,0
1779689998185,蓝,浙江大学,步兵4,18.9102,9.954033333333333,30,东部赛区,87,1,0
1779689998185,蓝,浙江大学,空中,17.096758620689656,1.5180344827586207,29,东部赛区,87,1,0
1779689998185,蓝,浙江大学,英雄,25.345066666666664,8.868766666666666,30,东部赛区,87,1,0
1779690820249,红,合肥工业大学（宣城校区）,哨兵,9.833733333333333,11.881300000000001,30,东部赛区,87,2,1
1779690820249,红,合肥工业大学（宣城校区）,工程,2.2136666666666667,1.4950333333333332,30,东部赛区,87,2,1
1779690820249,红,合肥工业大学（宣城校区）,步兵3,7.895392857142857,10.591714285714286,28,东部赛区,87,2,1
1779690820249,红,合肥工业大学（宣城校区）,步兵4,6.555733333333333,9.0854,30,东部赛区,87,2,1
1779690820249,红,合肥工业大学（宣城校区）,空中,4.785433333333333,12.988100000000001,30,东部赛区,87,2,1
1779690820249,红,合肥工业大学（宣城校区）,英雄,8.6101,11.138166666666667,30,东部赛区,87,2,1
1779690820249,蓝,浙江大学,哨兵,17.677433333333333,9.680133333333334,30,东部赛区,87,2,0
1779690820249,蓝,浙江大学,工程,25.8816,13.414333333333333,30,东部赛区,87,2,0
1779690820249,蓝,浙江大学,步兵3,19.066933333333335,8.818033333333334,30,东部赛区,87,2,0
1779690820249,蓝,浙江大学,步兵4,17.473133333333333,7.662966666666666,30,东部赛区,87,2,0
1779690820249,蓝,浙江大学,空中,17.34333333333333,1.7243666666666668,30,东部赛区,87,2,0
1779690820249,蓝,浙江大学,英雄,21.097766666666665,7.3297,30,东部赛区,87,2,0
1779692086876,红,合肥工业大学（宣城校区）,哨兵,9.891533333333333,11.902700000000001,30,东部赛区,87,3,0
1779692086876,红,合肥工业大学（宣城校区）,工程,2.2666,1.8132666666666666,30,东部赛区,87,3,0
1779692086876,红,合肥工业大学（宣城校区）,步兵3,8.347481481481482,12.505814814814814,27,东部赛区,87,3,0
1779692086876,红,合肥工业大学（宣城校区）,步兵4,6.5191333333333334,12.3589,30,东部赛区,87,3,0
1779692086876,红,合肥工业大学（宣城校区）,空中,6.043233333333333,13.2594,30,东部赛区,87,3,0
1779692086876,红,合肥工业大学（宣城校区）,英雄,8.580233333333332,11.124733333333333,30,东部赛区,87,3,0
1779692086876,蓝,浙江大学,哨兵,18.849761904761905,12.367761904761906,21,东部赛区,87,3,1
1779692086876,蓝,浙江大学,工程,25.816,13.563133333333333,30,东部赛区,87,3,1
1779692086876,蓝,浙江大学,步兵3,18.2706,3.7036333333333333,30,东部赛区,87,3,1
1779692086876,蓝,浙江大学,步兵4,21.209366666666664,6.533666666666666,30,东部赛区,87,3,1
1779692086876,蓝,浙江大学,空中,19.078566666666667,1.6449,30,东部赛区,87,3,1
1779692086876,蓝,浙江大学,英雄,23.420866666666665,7.006366666666667,30,东部赛区,87,3,1
1779692812687,红,合肥工业大学（宣城校区）,哨兵,9.798466666666666,11.9321,30,东部赛区,87,4,1
1779692812687,红,合肥工业大学（宣城校区）,工程,2.1843999999999997,1.8370333333333333,30,东部赛区,87,4,1
1779692812687,红,合肥工业大学（宣城校区）,步兵3,6.5958,11.642833333333332,30,东部赛区,87,4,1
1779692812687,红,合肥工业大学（宣城校区）,空中,5.523,12.924633333333333,30,东部赛区,87,4,1
1779692812687,红,合肥工业大学（宣城校区）,英雄,8.976666666666667,11.231133333333334,30,东部赛区,87,4,1
1779692812687,蓝,浙江大学,哨兵,22.715866666666667,8.3584,30,东部赛区,87,4,0
1779692812687,蓝,浙江大学,工程,25.871699999999997,13.597166666666668,30,东部赛区,87,4,0
1779692812687,蓝,浙江大学,步兵3,17.430433333333333,2.9316999999999998,30,东部赛区,87,4,0
1779692812687,蓝,浙江大学,步兵4,20.5756,5.7969,30,东部赛区,87,4,0
1779692812687,蓝,浙江大学,空中,17.814700000000002,1.6065,30,东部赛区,87,4,0
1779692812687,蓝,浙江大学,英雄,21.973200000000002,8.8525,30,东部赛区,87,4,0
1779693823256,红,山东科技大学,哨兵,4.438033333333333,8.807133333333333,30,东部赛区,88,1,1
1779693823256,红,山东科技大学,工程,2.443233333333333,2.0088333333333335,30,东部赛区,88,1,1
1779693823256,红,山东科技大学,步兵3,7.4237,4.644166666666666,30,东部赛区,88,1,1
1779693823256,红,山东科技大学,步兵4,8.890600000000001,10.785833333333333,30,东部赛区,88,1,1
1779693823256,红,山东科技大学,空中,12.285933333333332,13.035400000000001,30,东部赛区,88,1,1
1779693823256,红,山东科技大学,英雄,8.322666666666667,11.003533333333333,30,东部赛区,88,1,1
1779693823256,蓝,中国石油大学（华东）,哨兵,18.3818,3.5896666666666666,30,东部赛区,88,1,0
1779693823256,蓝,中国石油大学（华东）,工程,25.72076666666667,13.843733333333335,30,东部赛区,88,1,0
1779693823256,蓝,中国石油大学（华东）,步兵3,19.85846666666667,10.653933333333333,30,东部赛区,88,1,0
1779693823256,蓝,中国石油大学（华东）,步兵4,19.8982,5.205666666666667,30,东部赛区,88,1,0
1779693823256,蓝,中国石油大学（华东）,空中,15.436033333333334,2.0766,30,东部赛区,88,1,0
1779693823256,蓝,中国石油大学（华东）,英雄,22.880333333333333,10.6454,30,东部赛区,88,1,0
1779694694514,红,山东科技大学,哨兵,8.110965517241379,10.073413793103448,29,东部赛区,88,2,0
1779694694514,红,山东科技大学,工程,2.5651,2.3556000000000004,30,东部赛区,88,2,0
1779694694514,红,山东科技大学,步兵3,9.195500000000001,4.141,30,东部赛区,88,2,0
1779694694514,红,山东科技大学,步兵4,9.233266666666667,10.942499999999999,30,东部赛区,88,2,0
1779694694514,红,山东科技大学,空中,12.946533333333333,13.077566666666666,30,东部赛区,88,2,0
1779694694514,红,山东科技大学,英雄,9.440633333333333,11.700566666666667,30,东部赛区,88,2,0
1779694694514,蓝,中国石油大学（华东）,哨兵,18.371666666666666,3.3636,30,东部赛区,88,2,1
1779694694514,蓝,中国石油大学（华东）,工程,26.019566666666666,9.094933333333334,30,东部赛区,88,2,1
1779694694514,蓝,中国石油大学（华东）,步兵3,19.258066666666664,10.869533333333333,30,东部赛区,88,2,1
1779694694514,蓝,中国石油大学（华东）,步兵4,20.178766666666668,6.0978666666666665,30,东部赛区,88,2,1
1779694694514,蓝,中国石油大学（华东）,空中,15.305033333333334,2.1467,30,东部赛区,88,2,1
1779694694514,蓝,中国石油大学（华东）,英雄,23.206266666666668,10.735333333333333,30,东部赛区,88,2,1
1779696117794,红,山东科技大学,哨兵,6.079233333333334,7.9078333333333335,30,东部赛区,88,3,0
1779696117794,红,山东科技大学,工程,2.402066666666667,1.4978,30,东部赛区,88,3,0
1779696117794,红,山东科技大学,步兵3,9.165,4.2671,30,东部赛区,88,3,0
1779696117794,红,山东科技大学,步兵4,7.749633333333334,10.159566666666667,30,东部赛区,88,3,0
1779696117794,红,山东科技大学,空中,13.477107142857141,12.938571428571427,28,东部赛区,88,3,0
1779696117794,红,山东科技大学,英雄,1.7427333333333332,8.492466666666667,30,东部赛区,88,3,0
1779696117794,蓝,中国石油大学（华东）,哨兵,18.235500000000002,3.4876333333333336,30,东部赛区,88,3,1
1779696117794,蓝,中国石油大学（华东）,步兵3,22.812275862068965,3.2207931034482757,29,东部赛区,88,3,1
1779696117794,蓝,中国石油大学（华东）,步兵4,19.9332,5.0214,30,东部赛区,88,3,1
1779696117794,蓝,中国石油大学（华东）,空中,16.3352,2.6242333333333336,30,东部赛区,88,3,1
1779696117794,蓝,中国石油大学（华东）,英雄,21.695933333333336,5.696766666666666,30,东部赛区,88,3,1
1779697007200,红,山东科技大学,哨兵,4.474033333333334,8.8648,30,东部赛区,88,4,0
1779697007200,红,山东科技大学,工程,2.3369,1.4813666666666667,30,东部赛区,88,4,0
1779697007200,红,山东科技大学,步兵3,9.108033333333333,4.163566666666666,30,东部赛区,88,4,0
1779697007200,红,山东科技大学,步兵4,6.358966666666666,8.196433333333333,30,东部赛区,88,4,0
1779697007200,红,山东科技大学,空中,12.101833333333333,12.918266666666666,30,东部赛区,88,4,0
1779697007200,红,山东科技大学,英雄,0.9696333333333332,8.199666666666667,30,东部赛区,88,4,0
1779697007200,蓝,中国石油大学（华东）,哨兵,18.340966666666667,3.3846333333333334,30,东部赛区,88,4,1
1779697007200,蓝,中国石油大学（华东）,步兵3,23.548366666666666,3.5289333333333333,30,东部赛区,88,4,1
1779697007200,蓝,中国石油大学（华东）,步兵4,20.727566666666668,5.368433333333333,30,东部赛区,88,4,1
1779697007200,蓝,中国石油大学（华东）,空中,16.463266666666666,2.3385333333333334,30,东部赛区,88,4,1
1779697007200,蓝,中国石油大学（华东）,英雄,20.529933333333336,5.107166666666667,30,东部赛区,88,4,1
1780314767200,红,同济大学,哨兵,10.567966666666667,12.056866666666668,30,北部赛区,75,1,0
1780314767200,红,同济大学,工程,2.4641333333333337,1.0250666666666666,30,北部赛区,75,1,0
1780314767200,红,同济大学,步兵3,8.812000000000001,3.7011333333333334,30,北部赛区,75,1,0
1780314767200,红,同济大学,步兵4,7.648533333333333,10.967099999999999,30,北部赛区,75,1,0
1780314767200,红,同济大学,空中,6.798933333333333,13.313733333333333,30,北部赛区,75,1,0
1780314767200,红,同济大学,英雄,4.516333333333334,11.9262,30,北部赛区,75,1,0
1780314767200,蓝,东北大学,哨兵,14.783033333333332,1.7324333333333333,30,北部赛区,75,1,1
1780314767200,蓝,东北大学,工程,25.888066666666667,13.322866666666666,30,北部赛区,75,1,1
1780314767200,蓝,东北大学,步兵3,19.075344827586203,10.206206896551725,29,北部赛区,75,1,1
1780314767200,蓝,东北大学,步兵4,17.149966666666668,3.9369333333333336,30,北部赛区,75,1,1
1780314767200,蓝,东北大学,空中,17.678533333333334,1.8255333333333332,30,北部赛区,75,1,1
1780314767200,蓝,东北大学,英雄,25.10076666666667,10.515166666666666,30,北部赛区,75,1,1
1780315632017,红,同济大学,哨兵,10.504966666666666,11.848166666666666,30,北部赛区,75,2,0
1780315632017,红,同济大学,工程,2.4540333333333333,1.2773333333333334,30,北部赛区,75,2,0
1780315632017,红,同济大学,步兵3,7.6252,3.9636666666666667,30,北部赛区,75,2,0
1780315632017,红,同济大学,步兵4,9.0017,10.7337,30,北部赛区,75,2,0
1780315632017,红,同济大学,空中,3.1695333333333333,13.2996,30,北部赛区,75,2,0
1780315632017,红,同济大学,英雄,4.7615,11.990499999999999,30,北部赛区,75,2,0
1780315632017,蓝,东北大学,哨兵,15.599466666666666,2.2018666666666666,30,北部赛区,75,2,1
1780315632017,蓝,东北大学,工程,26.0536,13.6361,30,北部赛区,75,2,1
1780315632017,蓝,东北大学,步兵3,17.3734,8.728366666666666,30,北部赛区,75,2,1
1780315632017,蓝,东北大学,步兵4,18.4206,3.7119666666666666,30,北部赛区,75,2,1
1780315632017,蓝,东北大学,空中,17.217533333333332,1.7451666666666665,30,北部赛区,75,2,1
1780315632017,蓝,东北大学,英雄,24.159033333333333,9.305133333333334,30,北部赛区,75,2,1
1780322243835,红,复旦大学,哨兵,9.8596,12.0624,30,北部赛区,78,1,0
1780322243835,红,复旦大学,工程,2.216833333333333,1.7925666666666666,30,北部赛区,78,1,0
1780322243835,红,复旦大学,步兵3,8.543566666666667,6.814366666666667,30,北部赛区,78,1,0
1780322243835,红,复旦大学,步兵4,9.256533333333334,12.342266666666667,30,北部赛区,78,1,0
1780322243835,红,复旦大学,空中,1.2089666666666665,13.403166666666667,30,北部赛区,78,1,0
1780322243835,红,复旦大学,英雄,8.024366666666667,10.337166666666667,30,北部赛区,78,1,0
1780322243835,蓝,哈尔滨工业大学,哨兵,19.10376666666667,4.805400000000001,30,北部赛区,78,1,1
1780322243835,蓝,哈尔滨工业大学,工程,25.860799999999998,13.640833333333335,30,北部赛区,78,1,1
1780322243835,蓝,哈尔滨工业大学,步兵3,19.802500000000002,11.434266666666668,30,北部赛区,78,1,1
1780322243835,蓝,哈尔滨工业大学,步兵4,19.995533333333334,5.830966666666667,30,北部赛区,78,1,1
1780322243835,蓝,哈尔滨工业大学,空中,16.389666666666667,2.0373,30,北部赛区,78,1,1
1780322243835,蓝,哈尔滨工业大学,英雄,24.532366666666668,7.260433333333333,30,北部赛区,78,1,1
1780323038454,红,复旦大学,哨兵,13.296233333333333,12.098666666666666,30,北部赛区,78,2,1
1780323038454,红,复旦大学,工程,2.144633333333333,1.6852666666666667,30,北部赛区,78,2,1
1780323038454,红,复旦大学,步兵3,12.362466666666668,9.836666666666668,30,北部赛区,78,2,1
1780323038454,红,复旦大学,步兵4,11.679533333333334,12.149233333333333,30,北部赛区,78,2,1
1780323038454,红,复旦大学,空中,6.120633333333333,13.253333333333334,30,北部赛区,78,2,1
1780323038454,红,复旦大学,英雄,8.201466666666667,10.791833333333333,30,北部赛区,78,2,1
1780323038454,蓝,哈尔滨工业大学,哨兵,19.583266666666667,4.659866666666667,30,北部赛区,78,2,0
1780323038454,蓝,哈尔滨工业大学,工程,25.902033333333335,13.5035,30,北部赛区,78,2,0
1780323038454,蓝,哈尔滨工业大学,步兵3,20.13906666666667,10.788633333333333,30,北部赛区,78,2,0
1780323038454,蓝,哈尔滨工业大学,步兵4,19.428133333333335,5.065933333333334,30,北部赛区,78,2,0
1780323038454,蓝,哈尔滨工业大学,空中,16.5427,2.3306,30,北部赛区,78,2,0
1780323038454,蓝,哈尔滨工业大学,英雄,22.760833333333334,8.3527,30,北部赛区,78,2,0
1780323852230,红,复旦大学,哨兵,13.437999999999999,11.932466666666667,30,北部赛区,78,3,0
1780323852230,红,复旦大学,工程,2.157566666666667,1.5568333333333333,30,北部赛区,78,3,0
1780323852230,红,复旦大学,步兵3,13.186433333333333,10.232666666666667,30,北部赛区,78,3,0
1780323852230,红,复旦大学,步兵4,11.792333333333334,12.439833333333333,30,北部赛区,78,3,0
1780323852230,红,复旦大学,空中,8.731033333333333,13.196833333333332,30,北部赛区,78,3,0
1780323852230,红,复旦大学,英雄,8.108533333333334,10.681700000000001,30,北部赛区,78,3,0
1780323852230,蓝,哈尔滨工业大学,哨兵,19.277233333333335,4.522633333333333,30,北部赛区,78,3,1
1780323852230,蓝,哈尔滨工业大学,工程,25.8891,13.5045,30,北部赛区,78,3,1
1780323852230,蓝,哈尔滨工业大学,步兵3,20.909633333333332,11.258866666666668,30,北部赛区,78,3,1
1780323852230,蓝,哈尔滨工业大学,步兵4,19.8488,4.593133333333333,30,北部赛区,78,3,1
1780323852230,蓝,哈尔滨工业大学,空中,16.633633333333332,2.291033333333333,30,北部赛区,78,3,1
1780323852230,蓝,哈尔滨工业大学,英雄,24.14493333333333,9.226833333333333,30,北部赛区,78,3,1
1780371297834,红,西北工业大学,哨兵,8.773366666666668,11.404666666666666,30,北部赛区,84,1,0
1780371297834,红,西北工业大学,工程,2.1721999999999997,1.6418666666666666,30,北部赛区,84,1,0
1780371297834,红,西北工业大学,步兵3,8.784566666666667,4.093066666666667,30,北部赛区,84,1,0
1780371297834,红,西北工业大学,步兵4,8.8507,9.923200000000001,30,北部赛区,84,1,0
1780371297834,红,西北工业大学,空中,11.524833333333333,12.9237,30,北部赛区,84,1,0
1780371297834,红,西北工业大学,英雄,1.4178666666666666,8.349233333333334,30,北部赛区,84,1,0
1780371297834,蓝,哈尔滨工业大学,哨兵,18.782566666666664,4.2082999999999995,30,北部赛区,84,1,1
1780371297834,蓝,哈尔滨工业大学,工程,25.955166666666667,13.6355,30,北部赛区,84,1,1
1780371297834,蓝,哈尔滨工业大学,步兵3,21.112266666666663,5.749,30,北部赛区,84,1,1
1780371297834,蓝,哈尔滨工业大学,步兵4,18.522033333333336,8.941566666666667,30,北部赛区,84,1,1
1780371297834,蓝,哈尔滨工业大学,空中,17.1066,2.2127,30,北部赛区,84,1,1
1780371297834,蓝,哈尔滨工业大学,英雄,19.523033333333334,3.4482333333333335,30,北部赛区,84,1,1
1780372011146,红,西北工业大学,哨兵,8.507,11.238333333333333,30,北部赛区,84,2,1
1780372011146,红,西北工业大学,工程,2.241966666666667,1.6189,30,北部赛区,84,2,1
1780372011146,红,西北工业大学,步兵3,8.305,3.888,30,北部赛区,84,2,1
1780372011146,红,西北工业大学,步兵4,11.895100000000001,12.432066666666666,30,北部赛区,84,2,1
1780372011146,红,西北工业大学,空中,11.354233333333333,13.1241,30,北部赛区,84,2,1
1780372011146,红,西北工业大学,英雄,1.2859333333333334,8.113,30,北部赛区,84,2,1
1780372011146,蓝,哈尔滨工业大学,哨兵,20.9183,5.9446666666666665,30,北部赛区,84,2,0
1780372011146,蓝,哈尔滨工业大学,工程,25.947,13.621366666666667,30,北部赛区,84,2,0
1780372011146,蓝,哈尔滨工业大学,步兵3,18.585166666666666,6.659166666666667,30,北部赛区,84,2,0
1780372011146,蓝,哈尔滨工业大学,步兵4,19.5777,8.792366666666668,30,北部赛区,84,2,0
1780372011146,蓝,哈尔滨工业大学,空中,21.98026666666667,2.0931333333333333,30,北部赛区,84,2,0
1780372011146,蓝,哈尔滨工业大学,英雄,18.840933333333332,3.4763333333333333,30,北部赛区,84,2,0
1780372678919,红,西北工业大学,哨兵,8.9005,11.533033333333332,30,北部赛区,84,3,0
1780372678919,红,西北工业大学,工程,2.2283,1.6896,30,北部赛区,84,3,0
1780372678919,红,西北工业大学,步兵3,7.8317,4.580066666666666,30,北部赛区,84,3,0
1780372678919,红,西北工业大学,步兵4,10.284699999999999,11.796600000000002,30,北部赛区,84,3,0
1780372678919,红,西北工业大学,空中,1.1372,13.7815,30,北部赛区,84,3,0
1780372678919,红,西北工业大学,英雄,1.1484999999999999,8.375566666666666,30,北部赛区,84,3,0
1780372678919,蓝,哈尔滨工业大学,哨兵,19.2591,4.149333333333334,30,北部赛区,84,3,1
1780372678919,蓝,哈尔滨工业大学,工程,25.860433333333333,13.460033333333334,30,北部赛区,84,3,1
1780372678919,蓝,哈尔滨工业大学,步兵3,18.516666666666666,4.141566666666667,30,北部赛区,84,3,1
1780372678919,蓝,哈尔滨工业大学,步兵4,22.607033333333334,8.295266666666667,30,北部赛区,84,3,1
1780372678919,蓝,哈尔滨工业大学,空中,17.177866666666667,2.0781666666666667,30,北部赛区,84,3,1
1780372678919,蓝,哈尔滨工业大学,英雄,22.88426666666667,4.981800000000001,30,北部赛区,84,3,1
1780384424933,红,哈尔滨工业大学（威海）,哨兵,9.673733333333333,11.408933333333334,30,北部赛区,89,1,1
1780384424933,红,哈尔滨工业大学（威海）,工程,1.856862068965517,0.7739310344827586,29,北部赛区,89,1,1
1780384424933,红,哈尔滨工业大学（威海）,步兵3,10.8766,10.081700000000001,30,北部赛区,89,1,1
1780384424933,红,哈尔滨工业大学（威海）,步兵4,7.943666666666667,10.6476,30,北部赛区,89,1,1
1780384424933,红,哈尔滨工业大学（威海）,空中,9.105266666666667,13.045066666666665,30,北部赛区,89,1,1
1780384424933,红,哈尔滨工业大学（威海）,英雄,4.4265,10.92,30,北部赛区,89,1,1
1780384424933,蓝,西北工业大学,哨兵,19.705166666666667,4.166166666666666,30,北部赛区,89,1,0
1780384424933,蓝,西北工业大学,工程,25.89333333333333,13.364466666666665,30,北部赛区,89,1,0
1780384424933,蓝,西北工业大学,步兵3,19.044533333333334,7.8839,30,北部赛区,89,1,0
1780384424933,蓝,西北工业大学,步兵4,17.1525,3.7393,30,北部赛区,89,1,0
1780384424933,蓝,西北工业大学,空中,17.276566666666668,2.1039333333333334,30,北部赛区,89,1,0
1780384424933,蓝,西北工业大学,英雄,26.858600000000003,7.089133333333334,30,北部赛区,89,1,0
1780385130507,红,哈尔滨工业大学（威海）,哨兵,9.868866666666666,10.9846,30,北部赛区,89,2,1
1780385130507,红,哈尔滨工业大学（威海）,工程,1.923,0.915421052631579,19,北部赛区,89,2,1
1780385130507,红,哈尔滨工业大学（威海）,步兵3,11.0974,9.893233333333335,30,北部赛区,89,2,1
1780385130507,红,哈尔滨工业大学（威海）,步兵4,7.8968,10.151933333333334,30,北部赛区,89,2,1
1780385130507,红,哈尔滨工业大学（威海）,空中,9.085966666666668,13.028766666666666,30,北部赛区,89,2,1
1780385130507,红,哈尔滨工业大学（威海）,英雄,4.294300000000001,11.117233333333333,30,北部赛区,89,2,1
1780385130507,蓝,西北工业大学,哨兵,24.2502,6.817233333333333,30,北部赛区,89,2,0
1780385130507,蓝,西北工业大学,工程,25.8172,13.345033333333333,30,北部赛区,89,2,0
1780385130507,蓝,西北工业大学,步兵3,16.557366666666667,6.745066666666667,30,北部赛区,89,2,0
1780385130507,蓝,西北工业大学,步兵4,15.1244,4.618133333333334,30,北部赛区,89,2,0
1780385130507,蓝,西北工业大学,空中,16.721799999999998,1.9414333333333333,30,北部赛区,89,2,0
1780385130507,蓝,西北工业大学,英雄,26.35056666666667,6.304333333333333,30,北部赛区,89,2,0
1780386397433,红,哈尔滨工业大学（威海）,哨兵,9.522266666666667,11.570066666666666,30,北部赛区,89,3,1
1780386397433,红,哈尔滨工业大学（威海）,工程,1.8797777777777778,0.8495,18,北部赛区,89,3,1
1780386397433,红,哈尔滨工业大学（威海）,步兵3,10.0803,6.9812,30,北部赛区,89,3,1
1780386397433,红,哈尔滨工业大学（威海）,步兵4,7.804266666666666,9.517033333333334,30,北部赛区,89,3,1
1780386397433,红,哈尔滨工业大学（威海）,空中,7.907366666666666,13.039133333333332,30,北部赛区,89,3,1
1780386397433,红,哈尔滨工业大学（威海）,英雄,4.1100666666666665,10.333333333333334,30,北部赛区,89,3,1
1780386397433,蓝,西北工业大学,哨兵,19.4069,3.859933333333333,30,北部赛区,89,3,0
1780386397433,蓝,西北工业大学,工程,25.949933333333334,13.4689,30,北部赛区,89,3,0
1780386397433,蓝,西北工业大学,步兵3,19.395300000000002,10.656533333333332,30,北部赛区,89,3,0
1780386397433,蓝,西北工业大学,步兵4,17.918766666666667,2.9253333333333336,30,北部赛区,89,3,0
1780386397433,蓝,西北工业大学,空中,18.7253,1.8591666666666666,30,北部赛区,89,3,0
1780386397433,蓝,西北工业大学,英雄,26.6537,6.748766666666667,30,北部赛区,89,3,0
1780389108168,红,东北大学,哨兵,13.935599999999999,13.536566666666666,30,北部赛区,90,1,0
1780389108168,红,东北大学,工程,2.039366666666667,2.3431333333333333,30,北部赛区,90,1,0
1780389108168,红,东北大学,步兵3,8.4215,3.789733333333333,30,北部赛区,90,1,0
1780389108168,红,东北大学,步兵4,8.8774,11.0327,30,北部赛区,90,1,0
1780389108168,红,东北大学,空中,10.005933333333333,12.742133333333333,30,北部赛区,90,1,0
1780389108168,红,东北大学,英雄,1.8729666666666667,4.090166666666667,30,北部赛区,90,1,0
1780389108168,蓝,哈尔滨工业大学,哨兵,19.659333333333333,5.247633333333334,30,北部赛区,90,1,1
1780389108168,蓝,哈尔滨工业大学,工程,25.9077,13.480433333333334,30,北部赛区,90,1,1
1780389108168,蓝,哈尔滨工业大学,步兵3,19.629166666666666,10.786100000000001,30,北部赛区,90,1,1
1780389108168,蓝,哈尔滨工业大学,步兵4,18.615233333333332,3.7623666666666664,30,北部赛区,90,1,1
1780389108168,蓝,哈尔滨工业大学,空中,16.294833333333333,2.268866666666667,30,北部赛区,90,1,1
1780389108168,蓝,哈尔滨工业大学,英雄,24.586066666666667,9.447000000000001,30,北部赛区,90,1,1
1780389810101,红,东北大学,哨兵,13.369,13.039966666666666,30,北部赛区,90,2,1
1780389810101,红,东北大学,工程,2.0693,1.4221,30,北部赛区,90,2,1
1780389810101,红,东北大学,步兵3,9.122533333333333,5.1592,30,北部赛区,90,2,1
1780389810101,红,东北大学,步兵4,8.608466666666667,11.673633333333333,30,北部赛区,90,2,1
1780389810101,红,东北大学,空中,11.184833333333334,13.159233333333333,30,北部赛区,90,2,1
1780389810101,红,东北大学,英雄,9.868500000000001,11.493433333333334,30,北部赛区,90,2,1
1780389810101,蓝,哈尔滨工业大学,哨兵,19.802200000000003,7.1748,30,北部赛区,90,2,0
1780389810101,蓝,哈尔滨工业大学,工程,25.91596666666667,13.574766666666667,30,北部赛区,90,2,0
1780389810101,蓝,哈尔滨工业大学,步兵3,19.003633333333333,11.121199999999998,30,北部赛区,90,2,0
1780389810101,蓝,哈尔滨工业大学,步兵4,18.6365,3.4853666666666667,30,北部赛区,90,2,0
1780389810101,蓝,哈尔滨工业大学,空中,16.740233333333332,2.3249333333333335,30,北部赛区,90,2,0
1780389810101,蓝,哈尔滨工业大学,英雄,22.6022,9.422966666666667,30,北部赛区,90,2,0
1780391063510,红,东北大学,哨兵,13.815,13.523166666666667,30,北部赛区,90,3,1
1780391063510,红,东北大学,工程,2.121,1.6677333333333335,30,北部赛区,90,3,1
1780391063510,红,东北大学,步兵3,8.921733333333332,3.9412666666666665,30,北部赛区,90,3,1
1780391063510,红,东北大学,步兵4,7.881433333333334,9.873899999999999,30,北部赛区,90,3,1
1780391063510,红,东北大学,空中,10.656433333333332,12.836066666666666,30,北部赛区,90,3,1
1780391063510,红,东北大学,英雄,9.312800000000001,11.295933333333332,30,北部赛区,90,3,1
1780391063510,蓝,哈尔滨工业大学,哨兵,18.913766666666668,4.224233333333333,30,北部赛区,90,3,0
1780391063510,蓝,哈尔滨工业大学,工程,25.9513,13.4481,30,北部赛区,90,3,0
1780391063510,蓝,哈尔滨工业大学,步兵3,19.288866666666667,11.217366666666667,30,北部赛区,90,3,0
1780391063510,蓝,哈尔滨工业大学,步兵4,25.30663333333333,6.147966666666666,30,北部赛区,90,3,0
1780391063510,蓝,哈尔滨工业大学,空中,16.484866666666665,2.0299333333333336,30,北部赛区,90,3,0
1780391063510,蓝,哈尔滨工业大学,英雄,23.062566666666665,9.679300000000001,30,北部赛区,90,3,0
1780391866389,红,东北大学,哨兵,10.695266666666667,11.5724,30,北部赛区,90,4,1
1780391866389,红,东北大学,工程,2.105633333333333,1.769,30,北部赛区,90,4,1
1780391866389,红,东北大学,步兵3,9.960133333333333,5.123866666666667,30,北部赛区,90,4,1
1780391866389,红,东北大学,步兵4,8.3581,11.031866666666668,30,北部赛区,90,4,1
1780391866389,红,东北大学,空中,11.2849,13.237433333333334,30,北部赛区,90,4,1
1780391866389,红,东北大学,英雄,8.130566666666667,10.841633333333334,30,北部赛区,90,4,1
1780391866389,蓝,哈尔滨工业大学,哨兵,18.75003333333333,4.144466666666667,30,北部赛区,90,4,0
1780391866389,蓝,哈尔滨工业大学,工程,25.60343333333333,13.234266666666667,30,北部赛区,90,4,0
1780391866389,蓝,哈尔滨工业大学,步兵3,19.486800000000002,9.914366666666666,30,北部赛区,90,4,0
1780391866389,蓝,哈尔滨工业大学,步兵4,18.668200000000002,3.5581,30,北部赛区,90,4,0
1780391866389,蓝,哈尔滨工业大学,英雄,21.569366666666667,10.113033333333334,30,北部赛区,90,4,0
