学校名,队伍名称,2025学校名,2025队伍名称,2025国赛成绩,2025国赛参考分,来源,来源链接
中国石油大学（华东）,RPS,中国石油大学（华东）,RPS,八强,80.0,RoboMaster 2025机甲大师超级对抗赛全国赛获奖名单（官方公告，2025-08-08）,https://www.robomaster.com/zh-CN/resource/pages/announcement/1856
东北大学,TDT,东北大学,TDT,殿军,88.0,RoboMaster 2025机甲大师超级对抗赛全国赛获奖名单（官方公告，2025-08-08）,https://www.robomaster.com/zh-CN/resource/pages/announcement/1856
西安交通大学,笃行,西安交通大学,笃行,三十二强,58.0,RoboMaster 2025机甲大师超级对抗赛全国赛获奖名单（官方公告，2025-08-08）,https://www.robomaster.com/zh-CN/resource/pages/announcement/1856
南京理工大学,Alliance,南京理工大学,Alliance,三等奖,42.0,RoboMaster 2025机甲大师超级对抗赛全国赛获奖名单（官方公告，2025-08-08）,https://www.robomaster.com/zh-CN/resource/pages/announcement/1856
五邑大学,IMCA,五邑大学,IMCA,三十二强,58.0,RoboMaster 2025机甲大师超级对抗赛全国赛获奖名单（官方公告，2025-08-08）,https://www.robomaster.com/zh-CN/resource/pages/announcement/1856
同济大学,SuperPower,同济大学,SuperPower,八强,80.0,RoboMaster 2025机甲大师超级对抗赛全国赛获奖名单（官方公告，2025-08-08）,https://www.robomaster.com/zh-CN/resource/pages/announcement/1856
华南农业大学,Taurus,华南农业大学,Taurus,十六强,70.0,RoboMaster 2025机甲大师超级对抗赛全国赛获奖名单（官方公告，2025-08-08）,https://www.robomaster.com/zh-CN/resource/pages/announcement/1856
深圳大学,RobotPilots,深圳大学,RobotPilots,十六强,70.0,RoboMaster 2025机甲大师超级对抗赛全国赛获奖名单（官方公告，2025-08-08）,https://www.robomaster.com/zh-CN/resource/pages/announcement/1856
山东科技大学,SmartRobot,山东科技大学,SmartRobot,三十二强,58.0,RoboMaster 2025机甲大师超级对抗赛全国赛获奖名单（官方公告，2025-08-08）,https://www.robomaster.com/zh-CN/resource/pages/announcement/1856
北京理工大学,追梦,北京理工大学,追梦,三等奖,42.0,RoboMaster 2025机甲大师超级对抗赛全国赛获奖名单（官方公告，2025-08-08）,https://www.robomaster.com/zh-CN/resource/pages/announcement/1856
上海交通大学,交龙,上海交通大学,交龙,冠军,100.0,RoboMaster 2025机甲大师超级对抗赛全国赛获奖名单（官方公告，2025-08-08）,https://www.robomaster.com/zh-CN/resource/pages/announcement/1856
浙江大学,Hello World,浙江大学,Hello World,八强,80.0,RoboMaster 2025机甲大师超级对抗赛全国赛获奖名单（官方公告，2025-08-08）,https://www.robomaster.com/zh-CN/resource/pages/announcement/1856
哈尔滨工业大学（威海）,HERO,哈尔滨工业大学（威海）,HERO,三十二强,58.0,RoboMaster 2025机甲大师超级对抗赛全国赛获奖名单（官方公告，2025-08-08）,https://www.robomaster.com/zh-CN/resource/pages/announcement/1856
仲恺农业工程学院,奇点,仲恺农业工程学院,奇点,三等奖,42.0,RoboMaster 2025机甲大师超级对抗赛全国赛获奖名单（官方公告，2025-08-08）,https://www.robomaster.com/zh-CN/resource/pages/announcement/1856
北京理工大学（珠海）,毅恒,北京理工大学（珠海）,毅恒,二等奖,50.0,RoboMaster 2025机甲大师超级对抗赛全国赛获奖名单（官方公告，2025-08-08）,https://www.robomaster.com/zh-CN/resource/pages/announcement/1856
广州城市理工学院,野狼,广州城市理工学院,野狼,三等奖,42.0,RoboMaster 2025机甲大师超级对抗赛全国赛获奖名单（官方公告，2025-08-08）,https://www.robomaster.com/zh-CN/resource/pages/announcement/1856
合肥工业大学（宣城校区）,WDR,合肥工业大学(宣城校区),WDR,三等奖,42.0,RoboMaster 2025机甲大师超级对抗赛全国赛获奖名单（官方公告，2025-08-08）,https://www.robomaster.com/zh-CN/resource/pages/announcement/1856
华南理工大学,华南虎,华南理工大学,华南虎,季军,92.0,RoboMaster 2025机甲大师超级对抗赛全国赛获奖名单（官方公告，2025-08-08）,https://www.robomaster.com/zh-CN/resource/pages/announcement/1856
大连理工大学,凌BUG,大连理工大学,凌BUG,八强,80.0,RoboMaster 2025机甲大师超级对抗赛全国赛获奖名单（官方公告，2025-08-08）,https://www.robomaster.com/zh-CN/resource/pages/announcement/1856
哈尔滨工业大学,I Hiter,哈尔滨工业大学,I Hiter,十六强,70.0,RoboMaster 2025机甲大师超级对抗赛全国赛获奖名单（官方公告，2025-08-08）,https://www.robomaster.com/zh-CN/resource/pages/announcement/1856
华东理工大学,起源,华东理工大学,起源,二等奖,50.0,RoboMaster 2025机甲大师超级对抗赛全国赛获奖名单（官方公告，2025-08-08）,https://www.robomaster.com/zh-CN/resource/pages/announcement/1856
电子科技大学中山学院,RoboBraver,电子科技大学中山学院,RoboBraver,三十二强,58.0,RoboMaster 2025机甲大师超级对抗赛全国赛获奖名单（官方公告，2025-08-08）,https://www.robomaster.com/zh-CN/resource/pages/announcement/1856
武汉工程大学,Nautilus,武汉工程大学,Nautilus,三十二强,58.0,RoboMaster 2025机甲大师超级对抗赛全国赛获奖名单（官方公告，2025-08-08）,https://www.robomaster.com/zh-CN/resource/pages/announcement/1856
哈尔滨工业大学（深圳）,南工骁鹰,哈尔滨工业大学（深圳）,南工骁鹰,二等奖,50.0,RoboMaster 2025机甲大师超级对抗赛全国赛获奖名单（官方公告，2025-08-08）,https://www.robomaster.com/zh-CN/resource/pages/announcement/1856
长安大学,VGD,长安大学,VGD,三等奖,42.0,RoboMaster 2025机甲大师超级对抗赛全国赛获奖名单（官方公告，2025-08-08）,https://www.robomaster.com/zh-CN/resource/pages/announcement/1856
东莞理工学院,ACE,东莞理工学院,ACE,三等奖,42.0,RoboMaster 2025机甲大师超级对抗赛全国赛获奖名单（官方公告，2025-08-08）,https://www.robomaster.com/zh-CN/resource/pages/announcement/1856
复旦大学,星云EGA,复旦大学,星云EGA,未匹配,42.0,RoboMaster 2025机甲大师超级对抗赛全国赛获奖名单（官方公告，2025-08-08）,https://www.robomaster.com/zh-CN/resource/pages/announcement/1856
西北工业大学,WMJ,西北工业大学,WMJ,三十二强,58.0,RoboMaster 2025机甲大师超级对抗赛全国赛获奖名单（官方公告，2025-08-08）,https://www.robomaster.com/zh-CN/resource/pages/announcement/1856
西安电子科技大学,IRobot,西安电子科技大学,IRobot,三等奖,42.0,RoboMaster 2025机甲大师超级对抗赛全国赛获奖名单（官方公告，2025-08-08）,https://www.robomaster.com/zh-CN/resource/pages/announcement/1856
中国科学技术大学,RoboWalker,中国科学技术大学,RoboWalker,亚军,96.0,RoboMaster 2025机甲大师超级对抗赛全国赛获奖名单（官方公告，2025-08-08）,https://www.robomaster.com/zh-CN/resource/pages/announcement/1856
南京航空航天大学金城学院,Born of Fire,南京航空航天大学金城学院,Born of Fire,三十二强,58.0,RoboMaster 2025机甲大师超级对抗赛全国赛获奖名单（官方公告，2025-08-08）,https://www.robomaster.com/zh-CN/resource/pages/announcement/1856
应急管理大学,风暴,华北科技学院,风暴,二等奖,50.0,RoboMaster 2025机甲大师超级对抗赛全国赛获奖名单（官方公告，2025-08-08）,https://www.robomaster.com/zh-CN/resource/pages/announcement/1856
太原科技大学,NewMaker,太原科技大学,NewMaker,未匹配,42.0,RoboMaster 2025机甲大师超级对抗赛全国赛获奖名单（官方公告，2025-08-08）,https://www.robomaster.com/zh-CN/resource/pages/announcement/1856
广东工业大学,DynamicX,广东工业大学,DynamicX,十六强,70.0,RoboMaster 2025机甲大师超级对抗赛全国赛获奖名单（官方公告，2025-08-08）,https://www.robomaster.com/zh-CN/resource/pages/announcement/1856
深圳技术大学,悍匠,深圳技术大学,悍匠,三等奖,42.0,RoboMaster 2025机甲大师超级对抗赛全国赛获奖名单（官方公告，2025-08-08）,https://www.robomaster.com/zh-CN/resource/pages/announcement/1856
沈阳理工大学,Ambition,沈阳理工大学,Ambition,三等奖,42.0,RoboMaster 2025机甲大师超级对抗赛全国赛获奖名单（官方公告，2025-08-08）,https://www.robomaster.com/zh-CN/resource/pages/announcement/1856
山东理工大学,齐奇,山东理工大学,齐奇,三等奖,42.0,RoboMaster 2025机甲大师超级对抗赛全国赛获奖名单（官方公告，2025-08-08）,https://www.robomaster.com/zh-CN/resource/pages/announcement/1856
南华大学,MA,南华大学,MA,三等奖,42.0,RoboMaster 2025机甲大师超级对抗赛全国赛获奖名单（官方公告，2025-08-08）,https://www.robomaster.com/zh-CN/resource/pages/announcement/1856
江南大学霞客湾校区,SHARK,江南大学霞客湾校区,SHARK,未匹配,42.0,RoboMaster 2025机甲大师超级对抗赛全国赛获奖名单（官方公告，2025-08-08）,https://www.robomaster.com/zh-CN/resource/pages/announcement/1856
华中科技大学,狼牙,华中科技大学,狼牙,二等奖,50.0,RoboMaster 2025机甲大师超级对抗赛全国赛获奖名单（官方公告，2025-08-08）,https://www.robomaster.com/zh-CN/resource/pages/announcement/1856
中国矿业大学,CUBOT,中国矿业大学,CUBOT,三十二强,58.0,RoboMaster 2025机甲大师超级对抗赛全国赛获奖名单（官方公告，2025-08-08）,https://www.robomaster.com/zh-CN/resource/pages/announcement/1856
南方科技大学,ARTINX,南方科技大学,ARTINX,三十二强,58.0,RoboMaster 2025机甲大师超级对抗赛全国赛获奖名单（官方公告，2025-08-08）,https://www.robomaster.com/zh-CN/resource/pages/announcement/1856
厦门大学嘉庚学院,TCR,厦门大学嘉庚学院,TCR,二等奖,50.0,RoboMaster 2025机甲大师超级对抗赛全国赛获奖名单（官方公告，2025-08-08）,https://www.robomaster.com/zh-CN/resource/pages/announcement/1856
桂林电子科技大学,Evolution,桂林电子科技大学,Evolution,三等奖,42.0,RoboMaster 2025机甲大师超级对抗赛全国赛获奖名单（官方公告，2025-08-08）,https://www.robomaster.com/zh-CN/resource/pages/announcement/1856
